"seccion","id_o_metodo","ruta_09_o_codigo","titulo_o_handler","prioridad_09","clasificacion","contraparte","nota","evidencia"
"A_OPERACION_09","API-ACC-01","POST /api/v1/registrations","Registrar identidad","P0","CONTRADICE","POST /api/v1/auth/activacion/:token [CONTRADICE]","Fija contraseña y otorga TERMINOS + DATOS_SALUD en un único acto (auth.service.ts:36). El 09 separa aceptación de términos y de privacidad (ACC-01) y otorga B2 solo sobre un vínculo (CON-02).","BE_LEG_09_v0.8_CONTRATOS_ACCESO_GOBIERNO_P0 L227"
"A_OPERACION_09","API-ACC-02","POST /api/v1/auth/sessions","Iniciar sesión local","P0","PARCIAL","POST /api/v1/auth/login [PARCIAL]","JWT sin recurso de sesión revocable; sin rate limit.","BE_LEG_09_v0.8_CONTRATOS_ACCESO_GOBIERNO_P0 L311"
"A_OPERACION_09","API-ACC-03","DELETE /api/v1/auth/sessions/current","Finalizar sesión actual","P0","NO_EXISTE","","","BE_LEG_09_v0.8_CONTRATOS_ACCESO_GOBIERNO_P0 L397"
"A_OPERACION_09","API-ACC-04","DELETE /api/v1/auth/sessions","Revocar todas las sesiones propias","P0","NO_EXISTE","","","BE_LEG_09_v0.8_CONTRATOS_ACCESO_GOBIERNO_P0 L431"
"A_OPERACION_09","API-ACC-05","GET /api/v1/me","Consultar identidad/sesión propia","P0","PARCIAL","GET /api/v1/auth/me [PARCIAL]","Identidad propia; sin datos de sesión.","BE_LEG_09_v0.8_CONTRATOS_ACCESO_GOBIERNO_P0 L461"
"A_OPERACION_09","API-ACC-06","PATCH /api/v1/me/profile","Editar perfil propio","P0","NO_EXISTE","","","BE_LEG_09_v0.8_CONTRATOS_ACCESO_GOBIERNO_P0 L509"
"A_OPERACION_09","API-ACC-P1-01","POST /api/v1/auth/recovery-requests","Iniciar recuperación","P1/soporte","NO_EXISTE","","","BE_LEG_09_v0.12_INTEGRACIONES_P0_Y_SOPORTE_P1_P2 L477"
"A_OPERACION_09","API-ACC-P1-02","POST /api/v1/auth/recovery-requests/{recoveryId}/complete","Completar recuperación","P1/soporte","NO_EXISTE","","","BE_LEG_09_v0.12_INTEGRACIONES_P0_Y_SOPORTE_P1_P2 L509"
"A_OPERACION_09","API-ACC-P1-03","POST /api/v1/me/account-closure-requests","Solicitar cierre","P1/soporte","NO_EXISTE","","","BE_LEG_09_v0.12_INTEGRACIONES_P0_Y_SOPORTE_P1_P2 L582"
"A_OPERACION_09","API-ACC-P1-04","GET /api/v1/me/account-closure-requests/current","Estado del cierre","P1/soporte","NO_EXISTE","","","BE_LEG_09_v0.12_INTEGRACIONES_P0_Y_SOPORTE_P1_P2 L605"
"A_OPERACION_09","API-ANT-01","GET /api/v1/anthropometry/specifications?limit=&cursor=&status=","Consultar especificaciones disponibles","P0","NO_EXISTE","","","BE_LEG_09_v0.11_CONTRATOS_P0_ANTROPOMETRIA_Y_PROYECCIONES L336"
"A_OPERACION_09","API-ANT-02","POST /api/v1/advisees/{adviseeId}/anthropometry/evaluations","Crear evaluación antropométrica","P0","PARCIAL","POST /api/v1/eventos-salud/antropometria [PARCIAL]","Sin especificación/protocolo (ANT-01); derivados en la misma fila.","BE_LEG_09_v0.11_CONTRATOS_P0_ANTROPOMETRIA_Y_PROYECCIONES L371"
"A_OPERACION_09","API-ANT-03","GET /api/v1/advisees/{adviseeId}/anthropometry/evaluations?limit=&cursor=","Listar evaluaciones","P0","NO_EXISTE","","","BE_LEG_09_v0.11_CONTRATOS_P0_ANTROPOMETRIA_Y_PROYECCIONES L516"
"A_OPERACION_09","API-ANT-04","GET /api/v1/anthropometry/evaluations/{evaluationId}","Consultar evaluación","P0","NO_EXISTE","","","BE_LEG_09_v0.11_CONTRATOS_P0_ANTROPOMETRIA_Y_PROYECCIONES L545"
"A_OPERACION_09","API-ANT-05","POST /api/v1/anthropometry/evaluations/{evaluationId}/corrections","Corregir evaluación antropométrica","P0","NO_EXISTE","","","BE_LEG_09_v0.11_CONTRATOS_P0_ANTROPOMETRIA_Y_PROYECCIONES L579"
"A_OPERACION_09","API-ANT-06","GET /api/v1/advisees/{adviseeId}/anthropometry/progress?metric=&periodStart=&periodEnd=","Evolución antropométrica","P0","PARCIAL","GET /api/v1/eventos-salud/series [PARCIAL]","Serie por métrica; mezcla biometría.","BE_LEG_09_v0.11_CONTRATOS_P0_ANTROPOMETRIA_Y_PROYECCIONES L710"
"A_OPERACION_09","API-CON-01","GET /api/v1/relationships/{relationshipId}/consent-requirements","Consultar requisitos/texto B2 aplicable","P0","NO_EXISTE","","","BE_LEG_09_v0.8_CONTRATOS_ACCESO_GOBIERNO_P0 L1500"
"A_OPERACION_09","API-CON-02","POST /api/v1/relationships/{relationshipId}/consents","Otorgar B2","P0","CONTRADICE","POST /api/v1/auth/activacion/:token [CONTRADICE]","Fija contraseña y otorga TERMINOS + DATOS_SALUD en un único acto (auth.service.ts:36). El 09 separa aceptación de términos y de privacidad (ACC-01) y otorga B2 solo sobre un vínculo (CON-02).","BE_LEG_09_v0.8_CONTRATOS_ACCESO_GOBIERNO_P0 L1570"
"A_OPERACION_09","API-CON-03","GET /api/v1/me/consents?limit=&cursor=&state=&scope=","Listar consentimientos propios","P0","NO_EXISTE","","","BE_LEG_09_v0.8_CONTRATOS_ACCESO_GOBIERNO_P0 L1664"
"A_OPERACION_09","API-CON-04","POST /api/v1/me/consents/{consentId}/revoke","Revocar B2","P0","NO_EXISTE","","","BE_LEG_09_v0.8_CONTRATOS_ACCESO_GOBIERNO_P0 L1699"
"A_OPERACION_09","API-CRD-01","POST /advisees/{id}/coordination-notes (prosa, sin prefijo /api/v1)","Registrar nota de coordinación","P0","NO_EXISTE","","","BE_LEG_09_v0.14/v0.15 tabla RF-057"
"A_OPERACION_09","API-DSH-01","GET /api/v1/me/caseload?limit=&cursor=&scope=&processState=&reviewPending=","Cartera profesional","P0","PARCIAL","GET /api/v1/asesorados [PARCIAL]","Cartera del profesional sin cursor ni filtros.","BE_LEG_09_v0.11_CONTRATOS_P0_ANTROPOMETRIA_Y_PROYECCIONES L800"
"A_OPERACION_09","API-DSH-02","GET /api/v1/me/review-queue?limit=&cursor=&domain=&status=","Cola de revisiones","P0","NO_EXISTE","","","BE_LEG_09_v0.11_CONTRATOS_P0_ANTROPOMETRIA_Y_PROYECCIONES L860"
"A_OPERACION_09","API-DSH-03","GET /api/v1/advisees/{adviseeId}/dashboard?periodStart=&periodEnd=","Dashboard interdisciplinario","P0","PARCIAL","GET /api/v1/eventos-salud/resumen [PARCIAL]","Resumen por área ≈ dashboard.","BE_LEG_09_v0.11_CONTRATOS_P0_ANTROPOMETRIA_Y_PROYECCIONES L895"
"A_OPERACION_09","API-DSH-04","GET /api/v1/advisees/{adviseeId}/timeline?limit=&cursor=&domain=&type=&periodStart=&periodEnd=","Timeline longitudinal","P0","PARCIAL","GET /api/v1/eventos-salud [PARCIAL]","Timeline con paginación offset (el 09 usa cursor).","BE_LEG_09_v0.11_CONTRATOS_P0_ANTROPOMETRIA_Y_PROYECCIONES L964"
"A_OPERACION_09","API-DSH-05","GET /api/v1/me/progress?domain=&projection=&periodStart=&periodEnd=","Progreso longitudinal propio","P0","NO_EXISTE","","","BE_LEG_09_v0.11_CONTRATOS_P0_ANTROPOMETRIA_Y_PROYECCIONES L1014"
"A_OPERACION_09","API-EXP-01","POST /api/v1/me/exports","Solicitar export propio","P1/soporte","NO_EXISTE","","","BE_LEG_09_v0.12_INTEGRACIONES_P0_Y_SOPORTE_P1_P2 L672"
"A_OPERACION_09","API-EXP-02","GET /api/v1/me/exports/{exportId}","Estado/descarga","P1/soporte","NO_EXISTE","","","BE_LEG_09_v0.12_INTEGRACIONES_P0_Y_SOPORTE_P1_P2 L702"
"A_OPERACION_09","API-INT-NUT-01","POST /api/v1/nutrition/catalog-items","Crear elemento manual del catálogo BE","P0","NO_EXISTE","","","BE_LEG_09_v0.12_INTEGRACIONES_P0_Y_SOPORTE_P1_P2 L111"
"A_OPERACION_09","API-INT-NUT-02","POST /api/v1/nutrition/catalog-import-candidates","Crear candidato desde proveedor","P0","NO_EXISTE","","","BE_LEG_09_v0.12_INTEGRACIONES_P0_Y_SOPORTE_P1_P2 L168"
"A_OPERACION_09","API-INT-NUT-03","POST /api/v1/nutrition/catalog-import-candidates/{candidateId}/resolve","Resolver candidato","P0","NO_EXISTE","","","BE_LEG_09_v0.12_INTEGRACIONES_P0_Y_SOPORTE_P1_P2 L238"
"A_OPERACION_09","API-INT-TRN-01","POST /api/v1/training/exercises","Crear ejercicio manual","P0","NO_EXISTE","","","BE_LEG_09_v0.12_INTEGRACIONES_P0_Y_SOPORTE_P1_P2 L310"
"A_OPERACION_09","API-INT-TRN-02","POST /api/v1/training/catalog-import-candidates","Crear candidato desde wger","P0","NO_EXISTE","","","BE_LEG_09_v0.12_INTEGRACIONES_P0_Y_SOPORTE_P1_P2 L351"
"A_OPERACION_09","API-INT-TRN-03","POST /api/v1/training/catalog-import-candidates/{candidateId}/resolve","Resolver candidato","P0","NO_EXISTE","","","BE_LEG_09_v0.12_INTEGRACIONES_P0_Y_SOPORTE_P1_P2 L383"
"A_OPERACION_09","API-NUT-01","POST /api/v1/advisees/{adviseeId}/nutrition/evaluations","Crear evaluación nutricional","P0","CONTRADICE","PUT /api/v1/nutricion/asesorados/:asesoradoId/perfil [CONTRADICE]","Upsert que sobrescribe; NUT-01 crea una evaluación nueva e inmutable.","BE_LEG_09_v0.9_CONTRATOS_P0_NUTRICION L325"
"A_OPERACION_09","API-NUT-02","GET /api/v1/advisees/{adviseeId}/nutrition/evaluations?limit=&cursor=","Listar evaluaciones","P0","PARCIAL","GET /api/v1/nutricion/asesorados/:asesoradoId/perfil [PARCIAL]","Perfil nutricional único, sin historia de evaluaciones.","BE_LEG_09_v0.9_CONTRATOS_P0_NUTRICION L381"
"A_OPERACION_09","API-NUT-03","GET /api/v1/nutrition/evaluations/{evaluationId}","Consultar evaluación","P0","PARCIAL","GET /api/v1/nutricion/asesorados/:asesoradoId/perfil [PARCIAL]","Perfil nutricional único, sin historia de evaluaciones.","BE_LEG_09_v0.9_CONTRATOS_P0_NUTRICION L391"
"A_OPERACION_09","API-NUT-04","POST /api/v1/advisees/{adviseeId}/nutrition/objectives","Crear nueva versión de objetivo","P0","PARCIAL","POST /api/v1/objetivos [PARCIAL] | POST /api/v1/objetivos/:id/replantear [PARCIAL]","Objetivos genéricos multi-dominio. / Nueva versión por reemplazo (reemplazaAId), genérica.","BE_LEG_09_v0.9_CONTRATOS_P0_NUTRICION L405"
"A_OPERACION_09","API-NUT-05","GET /api/v1/advisees/{adviseeId}/nutrition/objectives?limit=&cursor=","Historia de objetivos","P0","PARCIAL","GET /api/v1/objetivos [PARCIAL]","Objetivos genéricos multi-dominio.","BE_LEG_09_v0.9_CONTRATOS_P0_NUTRICION L448"
"A_OPERACION_09","API-NUT-06","GET /api/v1/advisees/{adviseeId}/nutrition/objectives/effective","Objetivo efectivo","P0","PARCIAL","GET /api/v1/objetivos/:id [PARCIAL]","Consulta de un objetivo (no ""efectivo"").","BE_LEG_09_v0.9_CONTRATOS_P0_NUTRICION L456"
"A_OPERACION_09","API-NUT-07","POST /api/v1/advisees/{adviseeId}/nutrition/plans","Crear borrador de plan","P0","EQUIVALENTE_FUNCIONAL","POST /api/v1/nutricion/asesorados/:asesoradoId/borradores [EQUIVALENTE_FUNCIONAL] | POST /api/v1/nutricion/planes [PARCIAL]","Crear borrador de plan. / Ruta legada superada por borradores; sin consumidor web.","BE_LEG_09_v0.9_CONTRATOS_P0_NUTRICION L476"
"A_OPERACION_09","API-NUT-08","GET /api/v1/advisees/{adviseeId}/nutrition/plans?limit=&cursor=&state=","Listar planes","P0","PARCIAL","GET /api/v1/nutricion/asesorados/:asesoradoId/borrador [PARCIAL]","Devuelve solo el último borrador.","BE_LEG_09_v0.9_CONTRATOS_P0_NUTRICION L503"
"A_OPERACION_09","API-NUT-09","GET /api/v1/nutrition/plans/{planId}","Consultar plan","P0","PARCIAL","GET /api/v1/nutricion/planes/:eventoId/resumen [PARCIAL]","Resumen por eventoId (sale del snapshot si está activado).","BE_LEG_09_v0.9_CONTRATOS_P0_NUTRICION L513"
"A_OPERACION_09","API-NUT-10","PATCH /api/v1/nutrition/plans/{planId}","Editar borrador","P0","EQUIVALENTE_FUNCIONAL","PATCH /api/v1/nutricion/borradores/:planId [EQUIVALENTE_FUNCIONAL]","Editar borrador con lock optimista (expectedUpdatedAt).","BE_LEG_09_v0.9_CONTRATOS_P0_NUTRICION L523"
"A_OPERACION_09","API-NUT-11","POST /api/v1/nutrition/plans/{planId}/validate","Validar borrador","P0","NO_EXISTE","","","BE_LEG_09_v0.9_CONTRATOS_P0_NUTRICION L566"
"A_OPERACION_09","API-NUT-12","POST /api/v1/nutrition/plans/{planId}/activate","Activar plan","P0","PARCIAL","POST /api/v1/nutricion/borradores/:planId/activar [PARCIAL]","Activa con snapshot; sin paso de validación (NUT-11) ni sucesión de versiones.","BE_LEG_09_v0.9_CONTRATOS_P0_NUTRICION L601"
"A_OPERACION_09","API-NUT-13","GET /api/v1/nutrition/catalog-items?limit=&cursor=&q=&type=","Catálogo","P0","PARCIAL","GET /api/v1/nutricion/alimentos [PARCIAL]","take:100 sin cursor.","BE_LEG_09_v0.9_CONTRATOS_P0_NUTRICION L648"
"A_OPERACION_09","API-NUT-14","GET /api/v1/me/nutrition/today","“Hoy” nutricional","P0","PARCIAL","GET /api/v1/nutricion/asesorados/:asesoradoId/hoy [PARCIAL]","El 09 lo expone como /me; el código recibe asesoradoId.","BE_LEG_09_v0.9_CONTRATOS_P0_NUTRICION L658"
"A_OPERACION_09","API-NUT-15","POST /api/v1/me/nutrition/executions","Registrar ingesta/ejecución","P0","CONTRADICE","POST /api/v1/nutricion/adherencia [CONTRADICE] | POST /api/v1/nutricion/consumo [PARCIAL]","Persiste `porcentaje` 0-100; el 09 (CAND-09-NUT-C, derivada del canon) prohíbe adherencePercent en P0. / Ingesta cuantificada; no acepta descripción libre sin alimentos (modalidad C P0).","BE_LEG_09_v0.9_CONTRATOS_P0_NUTRICION L684"
"A_OPERACION_09","API-NUT-16","GET /api/v1/nutrition/executions/{executionId}","Consultar ejecución","P0","NO_EXISTE","","","BE_LEG_09_v0.9_CONTRATOS_P0_NUTRICION L750"
"A_OPERACION_09","API-NUT-17","GET /api/v1/advisees/{adviseeId}/nutrition/review-context?periodStart=&periodEnd=","Contexto de revisión","P0","NO_EXISTE","","","BE_LEG_09_v0.9_CONTRATOS_P0_NUTRICION L793"
"A_OPERACION_09","API-NUT-18","POST /api/v1/advisees/{adviseeId}/nutrition/reviews","Registrar revisión profesional válida","P0","NO_EXISTE","","","BE_LEG_09_v0.9_CONTRATOS_P0_NUTRICION L842"
"A_OPERACION_09","API-NUT-19","GET /api/v1/nutrition/reviews/{reviewId}","Consultar revisión","P0","NO_EXISTE","","","BE_LEG_09_v0.9_CONTRATOS_P0_NUTRICION L904"
"A_OPERACION_09","API-NUT-20","POST /api/v1/nutrition/reviews/{reviewId}/apply","Aplicar continuidad o cierre","P0","NO_EXISTE","","","BE_LEG_09_v0.9_CONTRATOS_P0_NUTRICION L914"
"A_OPERACION_09","API-NUT-21","POST /api/v1/nutrition/executions/{executionId}/corrections","Estructurar ingesta libre como estimación trazable","P0","NO_EXISTE","","","BE_LEG_09_v0.15_CONSOLIDADO_CANDIDATO_CIERRE L628"
"A_OPERACION_09","API-PRJ-01","GET /api/v1/advisees/{adviseeId}/projections/{projectionKey}?periodStart=&periodEnd=&exerciseId=&zoneId=&metric=","Consultar proyección profunda","P0","PARCIAL","GET /api/v1/entrenamiento/analitica/fuerza [PARCIAL] | GET /api/v1/entrenamiento/analitica/volumen-real [PARCIAL] | GET /api/v1/eventos-salud/series [PARCIAL]","≈ TRAINING_PROGRESSION_BY_EXERCISE / TRAINING_PERSONAL_RECORDS. / ≈ TRAINING_VOLUME_BY_MUSCLE_ZONE / TRAINING_EFFECTIVE_VS_TOTAL_VOLUME. / Serie por métrica; mezcla biometría.","BE_LEG_09_v0.11_CONTRATOS_P0_ANTROPOMETRIA_Y_PROYECCIONES L1080"
"A_OPERACION_09","API-PRJ-02","GET /api/v1/me/training/projection-settings","Consultar configuración propia","P0","NO_EXISTE","","","BE_LEG_09_v0.11_CONTRATOS_P0_ANTROPOMETRIA_Y_PROYECCIONES L1290"
"A_OPERACION_09","API-PRJ-03","PATCH /api/v1/me/training/projection-settings","Actualizar configuración","P0","NO_EXISTE","","","BE_LEG_09_v0.11_CONTRATOS_P0_ANTROPOMETRIA_Y_PROYECCIONES L1317"
"A_OPERACION_09","API-PRO-01","GET /api/v1/me/professional-profile","Consultar perfil profesional propio","P0","NO_EXISTE","","","BE_LEG_09_v0.8_CONTRATOS_ACCESO_GOBIERNO_P0 L560"
"A_OPERACION_09","API-PRO-02","PATCH /api/v1/me/professional-profile","Editar perfil profesional","P0","NO_EXISTE","","","BE_LEG_09_v0.8_CONTRATOS_ACCESO_GOBIERNO_P0 L599"
"A_OPERACION_09","API-PRO-03","PUT /api/v1/me/professional-scopes","Declarar/actualizar scopes profesionales","P0","NO_EXISTE","","","BE_LEG_09_v0.8_CONTRATOS_ACCESO_GOBIERNO_P0 L644"
"A_OPERACION_09","API-PRO-04","POST /api/v1/me/verification-evidence/upload-intents","Crear intención segura de upload de evidencia","P0","NO_EXISTE","","","BE_LEG_09_v0.8_CONTRATOS_ACCESO_GOBIERNO_P0 L696"
"A_OPERACION_09","API-PRO-05","POST /api/v1/me/verification-submissions","Crear nueva presentación versionada","P0","NO_EXISTE","","","BE_LEG_09_v0.8_CONTRATOS_ACCESO_GOBIERNO_P0 L762"
"A_OPERACION_09","API-PRO-06","GET /api/v1/me/verification-submissions?limit=&cursor=&scope=","Listar propias presentaciones","P0","NO_EXISTE","","","BE_LEG_09_v0.8_CONTRATOS_ACCESO_GOBIERNO_P0 L827"
"A_OPERACION_09","API-PRO-07","GET /api/v1/me/verification-submissions/{submissionId}","Consultar presentación propia","P0","NO_EXISTE","","","BE_LEG_09_v0.8_CONTRATOS_ACCESO_GOBIERNO_P0 L860"
"A_OPERACION_09","API-PRO-08","POST /api/v1/me/verification-submissions/{submissionId}/submit","Presentar versión a revisión","P0","NO_EXISTE","","","BE_LEG_09_v0.8_CONTRATOS_ACCESO_GOBIERNO_P0 L885"
"A_OPERACION_09","API-PRO-09","GET /api/v1/admin/verification-submissions?limit=&cursor=&scope=&state=","Listar presentaciones a revisar","P0","NO_EXISTE","","","BE_LEG_09_v0.8_CONTRATOS_ACCESO_GOBIERNO_P0 L930"
"A_OPERACION_09","API-PRO-10","GET /api/v1/admin/verification-submissions/{submissionId}","Consultar detalle administrativo de presentación","P0","NO_EXISTE","","","BE_LEG_09_v0.8_CONTRATOS_ACCESO_GOBIERNO_P0 L954"
"A_OPERACION_09","API-PRO-11","POST /api/v1/admin/verification-submissions/{submissionId}/resolve","Resolver revisión","P0","NO_EXISTE","","","BE_LEG_09_v0.8_CONTRATOS_ACCESO_GOBIERNO_P0 L980"
"A_OPERACION_09","API-PRO-12","POST /api/v1/admin/professional-scopes/{professionalScopeId}/suspend","Suspender scope profesional","P0","NO_EXISTE","","","BE_LEG_09_v0.8_CONTRATOS_ACCESO_GOBIERNO_P0 L1047"
"A_OPERACION_09","API-PRO-13","POST /api/v1/admin/professional-scopes/{professionalScopeId}/reinstate","Rehabilitar scope profesional","P0","NO_EXISTE","","","BE_LEG_09_v0.8_CONTRATOS_ACCESO_GOBIERNO_P0 L1082"
"A_OPERACION_09","API-REL-01","POST /api/v1/relationship-requests","Crear solicitud/invitación","P0","CONTRADICE","POST /api/v1/asesorados [CONTRADICE]","Crea cuenta pre-activada y vínculo ACTIVO sin aceptación del asesorado (asesorados.service.ts:126). En el 09/06 el profesional solicita, el asesorado acepta y el vínculo no concede consentimiento.","BE_LEG_09_v0.8_CONTRATOS_ACCESO_GOBIERNO_P0 L1108"
"A_OPERACION_09","API-REL-02","GET /api/v1/me/relationship-requests?limit=&cursor=&state=","Listar solicitudes propias","P0","NO_EXISTE","","","BE_LEG_09_v0.8_CONTRATOS_ACCESO_GOBIERNO_P0 L1196"
"A_OPERACION_09","API-REL-03","POST /api/v1/relationship-requests/{requestId}/accept","Aceptar solicitud","P0","NO_EXISTE","","","BE_LEG_09_v0.8_CONTRATOS_ACCESO_GOBIERNO_P0 L1228"
"A_OPERACION_09","API-REL-04","POST /api/v1/relationship-requests/{requestId}/reject","Rechazar solicitud","P0","NO_EXISTE","","","BE_LEG_09_v0.8_CONTRATOS_ACCESO_GOBIERNO_P0 L1294"
"A_OPERACION_09","API-REL-05","GET /api/v1/me/relationships?limit=&cursor=&state=&scope=","Listar vínculos propios","P0","PARCIAL","GET /api/v1/asignaciones [PARCIAL]","Solo vista del profesional (@Roles PROFESIONAL).","BE_LEG_09_v0.8_CONTRATOS_ACCESO_GOBIERNO_P0 L1325"
"A_OPERACION_09","API-REL-06","GET /api/v1/relationships/{relationshipId}","Consultar vínculo propio","P0","NO_EXISTE","","","BE_LEG_09_v0.8_CONTRATOS_ACCESO_GOBIERNO_P0 L1373"
"A_OPERACION_09","API-REL-07","POST /api/v1/relationships/{relationshipId}/pause","Pausar vínculo","P0","EQUIVALENTE_FUNCIONAL","POST /api/v1/asignaciones/:id/pausar [EQUIVALENTE_FUNCIONAL]","Misma acción, otra ruta. Pausa el vínculo completo, no un alcance.","BE_LEG_09_v0.8_CONTRATOS_ACCESO_GOBIERNO_P0 L1395"
"A_OPERACION_09","API-REL-08","POST /api/v1/relationships/{relationshipId}/resume","Reanudar vínculo","P0","EQUIVALENTE_FUNCIONAL","POST /api/v1/asignaciones/:id/reanudar [EQUIVALENTE_FUNCIONAL]","Misma acción, otra ruta.","BE_LEG_09_v0.8_CONTRATOS_ACCESO_GOBIERNO_P0 L1436"
"A_OPERACION_09","API-REL-09","POST /api/v1/relationships/{relationshipId}/finalize","Finalizar vínculo","P0","EQUIVALENTE_FUNCIONAL","POST /api/v1/asignaciones/:id/finalizar [EQUIVALENTE_FUNCIONAL]","Misma acción, otra ruta. Repetir sobre FINALIZADO da 422 (no idempotente).","BE_LEG_09_v0.8_CONTRATOS_ACCESO_GOBIERNO_P0 L1472"
"A_OPERACION_09","API-RGT-01","POST /api/v1/me/data-rights-requests","Crear solicitud","P1/soporte","NO_EXISTE","","","BE_LEG_09_v0.12_INTEGRACIONES_P0_Y_SOPORTE_P1_P2 L633"
"A_OPERACION_09","API-RGT-02","GET /api/v1/me/data-rights-requests/{requestId}","Consultar solicitud","P1/soporte","NO_EXISTE","","","BE_LEG_09_v0.12_INTEGRACIONES_P0_Y_SOPORTE_P1_P2 L656"
"A_OPERACION_09","API-RGT-03","GET /api/v1/me/data-rights-requests?limit=&cursor=","Listar propias solicitudes","P1/soporte","NO_EXISTE","","","BE_LEG_09_v0.12_INTEGRACIONES_P0_Y_SOPORTE_P1_P2 L662"
"A_OPERACION_09","API-TRN-01","POST /api/v1/advisees/{adviseeId}/training/evaluations","Crear evaluación","P0","NO_EXISTE","","","BE_LEG_09_v0.10_CONTRATOS_P0_ENTRENAMIENTO L520"
"A_OPERACION_09","API-TRN-02","GET /api/v1/advisees/{adviseeId}/training/evaluations?limit=&cursor=","Listar evaluaciones","P0","NO_EXISTE","","","BE_LEG_09_v0.10_CONTRATOS_P0_ENTRENAMIENTO L574"
"A_OPERACION_09","API-TRN-03","GET /api/v1/training/evaluations/{evaluationId}","Consultar evaluación","P0","NO_EXISTE","","","BE_LEG_09_v0.10_CONTRATOS_P0_ENTRENAMIENTO L584"
"A_OPERACION_09","API-TRN-04","POST /api/v1/advisees/{adviseeId}/training/objectives","Crear versión de objetivo","P0","PARCIAL","POST /api/v1/objetivos [PARCIAL] | POST /api/v1/objetivos/:id/replantear [PARCIAL]","Objetivos genéricos multi-dominio. / Nueva versión por reemplazo (reemplazaAId), genérica.","BE_LEG_09_v0.10_CONTRATOS_P0_ENTRENAMIENTO L598"
"A_OPERACION_09","API-TRN-05","GET /api/v1/advisees/{adviseeId}/training/objectives?limit=&cursor=","Historia de objetivos","P0","PARCIAL","GET /api/v1/objetivos [PARCIAL]","Objetivos genéricos multi-dominio.","BE_LEG_09_v0.10_CONTRATOS_P0_ENTRENAMIENTO L632"
"A_OPERACION_09","API-TRN-06","GET /api/v1/advisees/{adviseeId}/training/objectives/effective","Objetivo efectivo","P0","PARCIAL","GET /api/v1/objetivos/:id [PARCIAL]","Consulta de un objetivo (no ""efectivo"").","BE_LEG_09_v0.10_CONTRATOS_P0_ENTRENAMIENTO L642"
"A_OPERACION_09","API-TRN-07","POST /api/v1/advisees/{adviseeId}/training/plans","Crear borrador de plan","P0","CONTRADICE","POST /api/v1/entrenamiento/planes [CONTRADICE]","El cliente puede fijar `estado` (incluso ACTIVO) al crear: no hay borrador → validar → activar ni snapshot.","BE_LEG_09_v0.10_CONTRATOS_P0_ENTRENAMIENTO L662"
"A_OPERACION_09","API-TRN-08","GET /api/v1/advisees/{adviseeId}/training/plans?limit=&cursor=&state=","Listar planes","P0","NO_EXISTE","","","BE_LEG_09_v0.10_CONTRATOS_P0_ENTRENAMIENTO L690"
"A_OPERACION_09","API-TRN-09","GET /api/v1/training/plans/{planId}","Consultar plan","P0","NO_EXISTE","","","BE_LEG_09_v0.10_CONTRATOS_P0_ENTRENAMIENTO L700"
"A_OPERACION_09","API-TRN-10","PATCH /api/v1/training/plans/{planId}","Editar borrador","P0","NO_EXISTE","","","BE_LEG_09_v0.10_CONTRATOS_P0_ENTRENAMIENTO L710"
"A_OPERACION_09","API-TRN-11","POST /api/v1/training/plans/{planId}/validate","Validar borrador","P0","NO_EXISTE","","","BE_LEG_09_v0.10_CONTRATOS_P0_ENTRENAMIENTO L758"
"A_OPERACION_09","API-TRN-12","POST /api/v1/training/plans/{planId}/activate","Activar plan","P0","CONTRADICE","POST /api/v1/entrenamiento/planes [CONTRADICE]","El cliente puede fijar `estado` (incluso ACTIVO) al crear: no hay borrador → validar → activar ni snapshot.","BE_LEG_09_v0.10_CONTRATOS_P0_ENTRENAMIENTO L788"
"A_OPERACION_09","API-TRN-13","GET /api/v1/training/exercises?limit=&cursor=&q=","Consultar catálogo","P0","PARCIAL","GET /api/v1/entrenamiento/ejercicios [PARCIAL]","take:100 sin cursor.","BE_LEG_09_v0.10_CONTRATOS_P0_ENTRENAMIENTO L838"
"A_OPERACION_09","API-TRN-14","GET /api/v1/me/training/today","Hoy de entrenamiento","P0","NO_EXISTE","","","BE_LEG_09_v0.10_CONTRATOS_P0_ENTRENAMIENTO L860"
"A_OPERACION_09","API-TRN-15","PUT /api/v1/training/occurrences/{occurrenceId}/execution-draft","Crear/obtener borrador singular de ocurrencia","P0","CONTRADICE","POST /api/v1/entrenamiento/adherencia [CONTRADICE]","Registra estado de sesión y series sin borrador ni confirmación, y persiste `porcentaje` (SALTEADA→0, COMPLETADA→100); T-06-30 exige registro sin fórmulas de puntuación.","BE_LEG_09_v0.10_CONTRATOS_P0_ENTRENAMIENTO L921"
"A_OPERACION_09","API-TRN-16","GET /api/v1/training/execution-drafts/{draftId}","Consultar borrador","P0","NO_EXISTE","","","BE_LEG_09_v0.10_CONTRATOS_P0_ENTRENAMIENTO L969"
"A_OPERACION_09","API-TRN-17","PATCH /api/v1/training/execution-drafts/{draftId}","Editar borrador de ejecución","P0","NO_EXISTE","","","BE_LEG_09_v0.10_CONTRATOS_P0_ENTRENAMIENTO L986"
"A_OPERACION_09","API-TRN-18","POST /api/v1/training/execution-drafts/{draftId}/confirm","Confirmar ejecución","P0","CONTRADICE","POST /api/v1/entrenamiento/adherencia [CONTRADICE]","Registra estado de sesión y series sin borrador ni confirmación, y persiste `porcentaje` (SALTEADA→0, COMPLETADA→100); T-06-30 exige registro sin fórmulas de puntuación.","BE_LEG_09_v0.10_CONTRATOS_P0_ENTRENAMIENTO L1136"
"A_OPERACION_09","API-TRN-19","GET /api/v1/training/executions/{executionId}","Consultar ejecución real","P0","NO_EXISTE","","","BE_LEG_09_v0.10_CONTRATOS_P0_ENTRENAMIENTO L1197"
"A_OPERACION_09","API-TRN-20","POST /api/v1/training/executions/{executionId}/corrections","Corregir ejecución registrada","P0","NO_EXISTE","","","BE_LEG_09_v0.10_CONTRATOS_P0_ENTRENAMIENTO L1221"
"A_OPERACION_09","API-TRN-21","GET /api/v1/advisees/{adviseeId}/training/review-context?periodStart=&periodEnd=","Contexto de revisión","P0","NO_EXISTE","","","BE_LEG_09_v0.10_CONTRATOS_P0_ENTRENAMIENTO L1261"
"A_OPERACION_09","API-TRN-22","POST /api/v1/advisees/{adviseeId}/training/reviews","Registrar revisión profesional válida","P0","NO_EXISTE","","","BE_LEG_09_v0.10_CONTRATOS_P0_ENTRENAMIENTO L1299"
"A_OPERACION_09","API-TRN-23","GET /api/v1/training/reviews/{reviewId}","Consultar revisión","P0","NO_EXISTE","","","BE_LEG_09_v0.10_CONTRATOS_P0_ENTRENAMIENTO L1375"
"A_OPERACION_09","API-TRN-24","POST /api/v1/training/reviews/{reviewId}/apply","Aplicar continuidad/cierre","P0","NO_EXISTE","","","BE_LEG_09_v0.10_CONTRATOS_P0_ENTRENAMIENTO L1385"
"B_RUTA_CODIGO","GET","/api/v1/asesorados","listar","","PARCIAL","API-DSH-01","Cartera del profesional sin cursor ni filtros.","src/modules/asesorados/asesorados.controller.ts:24 · auth=JWT · rol=RolSistema.PROFESIONAL"
"B_RUTA_CODIGO","POST","/api/v1/asesorados","crear","","CONTRADICE","API-REL-01","Crea cuenta pre-activada y vínculo ACTIVO sin aceptación del asesorado (asesorados.service.ts:126). En el 09/06 el profesional solicita, el asesorado acepta y el vínculo no concede consentimiento.","src/modules/asesorados/asesorados.controller.ts:30 · auth=JWT · rol=RolSistema.PROFESIONAL"
"B_RUTA_CODIGO","GET","/api/v1/asignaciones","listar","","PARCIAL","API-REL-05","Solo vista del profesional (@Roles PROFESIONAL).","src/modules/asignaciones/asignaciones.controller.ts:20 · auth=JWT · rol=RolSistema.PROFESIONAL"
"B_RUTA_CODIGO","POST","/api/v1/asignaciones/:id/finalizar","finalizar","","EQUIVALENTE_FUNCIONAL","API-REL-09","Misma acción, otra ruta. Repetir sobre FINALIZADO da 422 (no idempotente).","src/modules/asignaciones/asignaciones.controller.ts:38 · auth=JWT · rol=RolSistema.PROFESIONAL"
"B_RUTA_CODIGO","POST","/api/v1/asignaciones/:id/pausar","pausar","","EQUIVALENTE_FUNCIONAL","API-REL-07","Misma acción, otra ruta. Pausa el vínculo completo, no un alcance.","src/modules/asignaciones/asignaciones.controller.ts:28 · auth=JWT · rol=RolSistema.PROFESIONAL"
"B_RUTA_CODIGO","POST","/api/v1/asignaciones/:id/reanudar","reanudar","","EQUIVALENTE_FUNCIONAL","API-REL-08","Misma acción, otra ruta.","src/modules/asignaciones/asignaciones.controller.ts:33 · auth=JWT · rol=RolSistema.PROFESIONAL"
"B_RUTA_CODIGO","GET","/api/v1/auth/activacion/:token","infoActivacion","","NO_EN_INVENTARIO_09","","Alta híbrida: sin operación en el 09.","src/modules/auth/auth.controller.ts:49 · auth=PUBLIC · rol=-"
"B_RUTA_CODIGO","POST","/api/v1/auth/activacion/:token","activar","","CONTRADICE","API-ACC-01 | API-CON-02","Fija contraseña y otorga TERMINOS + DATOS_SALUD en un único acto (auth.service.ts:36). El 09 separa aceptación de términos y de privacidad (ACC-01) y otorga B2 solo sobre un vínculo (CON-02).","src/modules/auth/auth.controller.ts:59 · auth=PUBLIC · rol=-"
"B_RUTA_CODIGO","POST","/api/v1/auth/login","login","","PARCIAL","API-ACC-02","JWT sin recurso de sesión revocable; sin rate limit.","src/modules/auth/auth.controller.ts:27 · auth=PUBLIC · rol=-"
"B_RUTA_CODIGO","GET","/api/v1/auth/me","me","","PARCIAL","API-ACC-05","Identidad propia; sin datos de sesión.","src/modules/auth/auth.controller.ts:38 · auth=JWT · rol=-"
"B_RUTA_CODIGO","GET","/api/v1/entrenamiento/1rm","estimar1RM","","NO_EN_INVENTARIO_09","","Calculadora de 1RM: sin operación en el 09.","src/modules/entrenamiento/entrenamiento.controller.ts:62 · auth=JWT · rol=-"
"B_RUTA_CODIGO","POST","/api/v1/entrenamiento/adherencia","registrarAdherencia","","CONTRADICE","API-TRN-15 | API-TRN-18","Registra estado de sesión y series sin borrador ni confirmación, y persiste `porcentaje` (SALTEADA→0, COMPLETADA→100); T-06-30 exige registro sin fórmulas de puntuación.","src/modules/entrenamiento/entrenamiento.controller.ts:38 · auth=JWT · rol=-"
"B_RUTA_CODIGO","GET","/api/v1/entrenamiento/analitica/carga","carga","","NO_EN_INVENTARIO_09","","ACWR: no figura entre las 8 claves de proyección del 09.","src/modules/entrenamiento/entrenamiento.controller.ts:91 · auth=JWT · rol=-"
"B_RUTA_CODIGO","GET","/api/v1/entrenamiento/analitica/fuerza","fuerza","","PARCIAL","API-PRJ-01","≈ TRAINING_PROGRESSION_BY_EXERCISE / TRAINING_PERSONAL_RECORDS.","src/modules/entrenamiento/entrenamiento.controller.ts:100 · auth=JWT · rol=-"
"B_RUTA_CODIGO","GET","/api/v1/entrenamiento/analitica/volumen-real","volumenReal","","PARCIAL","API-PRJ-01","≈ TRAINING_VOLUME_BY_MUSCLE_ZONE / TRAINING_EFFECTIVE_VS_TOTAL_VOLUME.","src/modules/entrenamiento/entrenamiento.controller.ts:80 · auth=JWT · rol=-"
"B_RUTA_CODIGO","GET","/api/v1/entrenamiento/ejercicios","ejercicios","","PARCIAL","API-TRN-13","take:100 sin cursor.","src/modules/entrenamiento/entrenamiento.controller.ts:56 · auth=JWT · rol=-"
"B_RUTA_CODIGO","POST","/api/v1/entrenamiento/planes","crearPlan","","CONTRADICE","API-TRN-07 | API-TRN-12","El cliente puede fijar `estado` (incluso ACTIVO) al crear: no hay borrador → validar → activar ni snapshot.","src/modules/entrenamiento/entrenamiento.controller.ts:20 · auth=JWT · rol=-"
"B_RUTA_CODIGO","GET","/api/v1/entrenamiento/planes/:eventoId/volumen","volumen","","NO_EN_INVENTARIO_09","","Volumen del plan prescripto: sin operación propia (las proyecciones del 09 son sobre ejecución).","src/modules/entrenamiento/entrenamiento.controller.ts:47 · auth=JWT · rol=-"
"B_RUTA_CODIGO","POST","/api/v1/entrenamiento/pr","registrarPr","","NO_EN_INVENTARIO_09","","Carga manual de PR: el 06 define la marca personal como derivada de ejecuciones (REG-06-182).","src/modules/entrenamiento/entrenamiento.controller.ts:29 · auth=JWT · rol=-"
"B_RUTA_CODIGO","GET","/api/v1/eventos-salud","consultar","","PARCIAL","API-DSH-04","Timeline con paginación offset (el 09 usa cursor).","src/modules/eventos-salud/eventos-salud.controller.ts:116 · auth=JWT · rol=-"
"B_RUTA_CODIGO","POST","/api/v1/eventos-salud/:id/correccion","corregir","","NO_EN_INVENTARIO_09","","Patrón de corrección (≈ ANT-05/TRN-20) pero solo soporta BIOMETRIA, dominio ausente del 09.","src/modules/eventos-salud/eventos-salud.controller.ts:102 · auth=JWT · rol=-"
"B_RUTA_CODIGO","POST","/api/v1/eventos-salud/antropometria","crearAntropometria","","PARCIAL","API-ANT-02","Sin especificación/protocolo (ANT-01); derivados en la misma fila.","src/modules/eventos-salud/eventos-salud.controller.ts:50 · auth=JWT · rol=-"
"B_RUTA_CODIGO","POST","/api/v1/eventos-salud/biometria","crearBiometria","","NO_EN_INVENTARIO_09","","Biometría: sin operación ni concepto en el 09/06.","src/modules/eventos-salud/eventos-salud.controller.ts:36 · auth=JWT · rol=-"
"B_RUTA_CODIGO","POST","/api/v1/eventos-salud/check-in","registrarCheckin","","NO_EN_INVENTARIO_09","","Check-in de bienestar: sin operación en el 09.","src/modules/eventos-salud/eventos-salud.controller.ts:77 · auth=JWT · rol=-"
"B_RUTA_CODIGO","POST","/api/v1/eventos-salud/dolor","registrarDolor","","NO_EN_INVENTARIO_09","","Dolor autodeclarado: sin operación en el 09.","src/modules/eventos-salud/eventos-salud.controller.ts:64 · auth=JWT · rol=-"
"B_RUTA_CODIGO","POST","/api/v1/eventos-salud/foto-progreso","registrarFotoProgreso","","NO_EN_INVENTARIO_09","","Media privada ""outlined"" en el 09, sin ID.","src/modules/eventos-salud/eventos-salud.controller.ts:90 · auth=JWT · rol=-"
"B_RUTA_CODIGO","GET","/api/v1/eventos-salud/resumen","resumen","","PARCIAL","API-DSH-03","Resumen por área ≈ dashboard.","src/modules/eventos-salud/eventos-salud.controller.ts:139 · auth=JWT · rol=-"
"B_RUTA_CODIGO","GET","/api/v1/eventos-salud/series","serie","","PARCIAL","API-ANT-06 | API-PRJ-01","Serie por métrica; mezcla biometría.","src/modules/eventos-salud/eventos-salud.controller.ts:128 · auth=JWT · rol=-"
"B_RUTA_CODIGO","POST","/api/v1/nutricion/adherencia","registrarDia","","CONTRADICE","API-NUT-15","Persiste `porcentaje` 0-100; el 09 (CAND-09-NUT-C, derivada del canon) prohíbe adherencePercent en P0.","src/modules/nutricion/nutricion.controller.ts:43 · auth=JWT · rol=-"
"B_RUTA_CODIGO","GET","/api/v1/nutricion/alimentos","alimentos","","PARCIAL","API-NUT-13","take:100 sin cursor.","src/modules/nutricion/nutricion.controller.ts:161 · auth=JWT · rol=-"
"B_RUTA_CODIGO","GET","/api/v1/nutricion/asesorados/:asesoradoId/borrador","obtenerBorrador","","PARCIAL","API-NUT-08","Devuelve solo el último borrador.","src/modules/nutricion/nutricion.controller.ts:103 · auth=JWT · rol=-"
"B_RUTA_CODIGO","POST","/api/v1/nutricion/asesorados/:asesoradoId/borradores","crearBorrador","","EQUIVALENTE_FUNCIONAL","API-NUT-07","Crear borrador de plan.","src/modules/nutricion/nutricion.controller.ts:93 · auth=JWT · rol=-"
"B_RUTA_CODIGO","GET","/api/v1/nutricion/asesorados/:asesoradoId/hoy","hoy","","PARCIAL","API-NUT-14","El 09 lo expone como /me; el código recibe asesoradoId.","src/modules/nutricion/nutricion.controller.ts:128 · auth=JWT · rol=-"
"B_RUTA_CODIGO","GET","/api/v1/nutricion/asesorados/:asesoradoId/perfil","obtenerPerfil","","PARCIAL","API-NUT-02 | API-NUT-03","Perfil nutricional único, sin historia de evaluaciones.","src/modules/nutricion/nutricion.controller.ts:72 · auth=JWT · rol=-"
"B_RUTA_CODIGO","PUT","/api/v1/nutricion/asesorados/:asesoradoId/perfil","actualizarPerfil","","CONTRADICE","API-NUT-01","Upsert que sobrescribe; NUT-01 crea una evaluación nueva e inmutable.","src/modules/nutricion/nutricion.controller.ts:81 · auth=JWT · rol=-"
"B_RUTA_CODIGO","GET","/api/v1/nutricion/asesorados/:asesoradoId/workspace","workspace","","NO_EN_INVENTARIO_09","","Read model de pantalla, sin operación en el 09.","src/modules/nutricion/nutricion.controller.ts:115 · auth=JWT · rol=-"
"B_RUTA_CODIGO","PATCH","/api/v1/nutricion/borradores/:planId","editarBorrador","","EQUIVALENTE_FUNCIONAL","API-NUT-10","Editar borrador con lock optimista (expectedUpdatedAt).","src/modules/nutricion/nutricion.controller.ts:137 · auth=JWT · rol=-"
"B_RUTA_CODIGO","POST","/api/v1/nutricion/borradores/:planId/activar","activarBorrador","","PARCIAL","API-NUT-12","Activa con snapshot; sin paso de validación (NUT-11) ni sucesión de versiones.","src/modules/nutricion/nutricion.controller.ts:151 · auth=JWT · rol=-"
"B_RUTA_CODIGO","GET","/api/v1/nutricion/comidas-plantilla","comidasPlantilla","","NO_EN_INVENTARIO_09","","Librería de comidas: sin operación en el 09.","src/modules/nutricion/nutricion.controller.ts:176 · auth=JWT · rol=-"
"B_RUTA_CODIGO","POST","/api/v1/nutricion/comidas-plantilla","crearComidaPlantilla","","NO_EN_INVENTARIO_09","","Librería de comidas: sin operación en el 09.","src/modules/nutricion/nutricion.controller.ts:167 · auth=JWT · rol=-"
"B_RUTA_CODIGO","POST","/api/v1/nutricion/consumo","registrarConsumo","","PARCIAL","API-NUT-15","Ingesta cuantificada; no acepta descripción libre sin alimentos (modalidad C P0).","src/modules/nutricion/nutricion.controller.ts:52 · auth=JWT · rol=-"
"B_RUTA_CODIGO","GET","/api/v1/nutricion/objetivo-macros","objetivoMacros","","NO_EN_INVENTARIO_09","","Calculadora de macros.","src/modules/nutricion/nutricion.controller.ts:185 · auth=JWT · rol=-"
"B_RUTA_CODIGO","POST","/api/v1/nutricion/planes","crearPlan","","PARCIAL","API-NUT-07","Ruta legada superada por borradores; sin consumidor web.","src/modules/nutricion/nutricion.controller.ts:34 · auth=JWT · rol=-"
"B_RUTA_CODIGO","GET","/api/v1/nutricion/planes/:eventoId/resumen","resumen","","PARCIAL","API-NUT-09","Resumen por eventoId (sale del snapshot si está activado).","src/modules/nutricion/nutricion.controller.ts:61 · auth=JWT · rol=-"
"B_RUTA_CODIGO","GET","/api/v1/objetivos","listar","","PARCIAL","API-NUT-05 | API-TRN-05","Objetivos genéricos multi-dominio.","src/modules/objetivos/objetivos.controller.ts:33 · auth=JWT · rol=-"
"B_RUTA_CODIGO","POST","/api/v1/objetivos","crear","","PARCIAL","API-NUT-04 | API-TRN-04","Objetivos genéricos multi-dominio.","src/modules/objetivos/objetivos.controller.ts:27 · auth=JWT · rol=-"
"B_RUTA_CODIGO","GET","/api/v1/objetivos/:id","obtener","","PARCIAL","API-NUT-06 | API-TRN-06","Consulta de un objetivo (no ""efectivo"").","src/modules/objetivos/objetivos.controller.ts:42 · auth=JWT · rol=-"
"B_RUTA_CODIGO","POST","/api/v1/objetivos/:id/estado","cambiarEstado","","NO_EN_INVENTARIO_09","","LOGRADO/ABANDONADO: sin operación en el 09.","src/modules/objetivos/objetivos.controller.ts:79 · auth=JWT · rol=-"
"B_RUTA_CODIGO","POST","/api/v1/objetivos/:id/hitos","agregarHito","","NO_EN_INVENTARIO_09","","Hitos: sin concepto en 06/09.","src/modules/objetivos/objetivos.controller.ts:48 · auth=JWT · rol=-"
"B_RUTA_CODIGO","PATCH","/api/v1/objetivos/:id/hitos/:hitoId","marcarHito","","NO_EN_INVENTARIO_09","","Hitos: sin concepto en 06/09.","src/modules/objetivos/objetivos.controller.ts:58 · auth=JWT · rol=-"
"B_RUTA_CODIGO","POST","/api/v1/objetivos/:id/replantear","replantear","","PARCIAL","API-NUT-04 | API-TRN-04","Nueva versión por reemplazo (reemplazaAId), genérica.","src/modules/objetivos/objetivos.controller.ts:89 · auth=JWT · rol=-"
"B_RUTA_CODIGO","POST","/api/v1/objetivos/:id/revisiones","revisar","","NO_EN_INVENTARIO_09","","Revisión de objetivo con % y enRumbo; distinta de la revisión profesional válida (NUT-18/TRN-22).","src/modules/objetivos/objetivos.controller.ts:69 · auth=JWT · rol=-"
"B_RUTA_CODIGO","GET","/health","check","","NO_EN_INVENTARIO_09","","Infraestructura; el 09 deriva health a 07 sin ID.","src/health/health.controller.ts:10 · auth=PUBLIC · rol=-"
