T-06,concepto_canonico,nombre_corto_figura,regimen,areas_M,bloque_06,seccion_maestra_06,familias_API_09,UC_05_que_lo_usan,n_UC,RF_04,n_RF,nombre_DV-04,nombre_DV-06,nombre_DV-07,componente_DV-09,estado
T-06-01,Identidad BE,Identidad,PROPIETARIO-06,M-01,B-01,5,ACC,UC-E05 UC-E06 UC-E08 UC-E09 UC-P25 UC-P26 UC-P27 UC-P28 UC-P29 UC-P30 UC-P32 UC-P33,12,RF-001 RF-002 RF-003 RF-004 RF-005 RF-006 RF-017 RF-061 RF-062 RF-066 RF-068 RF-069 RF-071,13,UC-E05,Identidad BE,IdentidadBE,,ASIGNADO
T-06-02,Estado operativo de cuenta,Estado de cuenta,PROPIETARIO-06,M-01,B-01,5,ACC,UC-E05 UC-E06 UC-E08 UC-E09 UC-P25 UC-P26 UC-P27 UC-P28 UC-P29 UC-P30 UC-P32 UC-P33,12,RF-001 RF-002 RF-003 RF-004 RF-005 RF-006 RF-017 RF-061 RF-062 RF-066 RF-068 RF-069 RF-071,13,UC-E05,Estado operativo de cuenta,EstadoOperativoDeCuenta,,ASIGNADO
T-06-03,Método de acceso,Método de acceso,PROPIETARIO-06,M-01,B-01,5,ACC,UC-E05 UC-E06 UC-E08 UC-E09 UC-P25 UC-P26 UC-P27 UC-P28 UC-P29 UC-P30 UC-P32 UC-P33,12,RF-001 RF-002 RF-003 RF-004 RF-005 RF-006 RF-017 RF-061 RF-062 RF-066 RF-068 RF-069 RF-071,13,UC-E05,Método de acceso,MétodoDeAcceso,,ASIGNADO
T-06-04,Perfil (propio / profesional),Perfil,PROPIETARIO-06,M-01/M-02,B-01,5,ACC,UC-E01 UC-E05 UC-E06 UC-E08 UC-E09 UC-P01 UC-P02 UC-P03 UC-P25 UC-P26 UC-P27 UC-P28 UC-P29 UC-P30,16,RF-001 RF-002 RF-003 RF-004 RF-005 RF-006 RF-008 RF-009 RF-010 RF-011 RF-012 RF-013 RF-014 RF-017 RF-061 RF-062 RF-066 RF-067 RF-068 RF-069,20,UC-E01,Perfil (propio / profesional),Perfil,,ASIGNADO
T-06-05,Cierre de cuenta,Cierre de cuenta,PROPIETARIO-06,M-01/M-04,B-01,5,ACC,UC-E05 UC-E06 UC-E08 UC-E09 UC-I01 UC-I03 UC-I04 UC-I07 UC-I08 UC-I10 UC-I11 UC-I13 UC-P25 UC-P26,21,RF-001 RF-002 RF-003 RF-004 RF-005 RF-006 RF-007 RF-009 RF-017 RF-025 RF-028 RF-031 RF-038 RF-041 RF-044 RF-050 RF-054 RF-057 RF-059 RF-060 RF-062 RF-066 RF-067 RF-070 RF-071,25,UC-E05,Cierre de cuenta,CierreDeCuenta,,ASIGNADO
T-06-06,Incidencia administrativa,Incidencia admin.,PROPIETARIO-06,M-01,B-01,5,ACC,UC-E05 UC-E06 UC-E08 UC-E09 UC-P25 UC-P26 UC-P27 UC-P28 UC-P29 UC-P30 UC-P32 UC-P33,12,RF-001 RF-002 RF-003 RF-004 RF-005 RF-006 RF-017 RF-061 RF-062 RF-066 RF-068 RF-069 RF-071,13,UC-E05,Incidencia administrativa,IncidenciaAdministrativa,,ASIGNADO
T-06-07,Novedad interna,Novedad interna,PROPIETARIO-06,M-01,B-01,5,ACC,UC-E05 UC-E06 UC-E08 UC-E09 UC-P25 UC-P26 UC-P27 UC-P28 UC-P29 UC-P30 UC-P32 UC-P33,12,RF-001 RF-002 RF-003 RF-004 RF-005 RF-006 RF-017 RF-061 RF-062 RF-066 RF-068 RF-069 RF-071,13,UC-E05,Novedad interna,NovedadInterna,,ASIGNADO
T-06-08,Notificación push no sensible,Push no sensible,PROPIETARIO-06,M-01,B-01,5,ACC,UC-E05 UC-E06 UC-E08 UC-E09 UC-P25 UC-P26 UC-P27 UC-P28 UC-P29 UC-P30 UC-P32 UC-P33,12,RF-001 RF-002 RF-003 RF-004 RF-005 RF-006 RF-017 RF-061 RF-062 RF-066 RF-068 RF-069 RF-071,13,UC-E05,Notificación push no sensible,NotificaciónPushNoSensible,,ASIGNADO
T-06-09,Especialidad,Especialidad,PROPIETARIO-06,M-02,B-02,6,PRO,UC-E01 UC-P01 UC-P02 UC-P03,4,RF-008 RF-009 RF-010 RF-011 RF-012 RF-013 RF-014 RF-067,8,UC-E01,Especialidad,Especialidad,,ASIGNADO
T-06-10,Capacidad antropométrica transversal,Capacidad antrop.,PROPIETARIO-06,M-02/M-09,B-02,6,PRO,UC-E01 UC-E03 UC-E04 UC-I09 UC-I12 UC-P01 UC-P02 UC-P03 UC-P19 UC-P20 UC-P21 UC-P22,12,RF-008 RF-009 RF-010 RF-011 RF-012 RF-013 RF-014 RF-044 RF-047 RF-048 RF-049 RF-050 RF-051 RF-059 RF-066 RF-067 RF-070,17,UC-E01,Capacidad antropométrica transversal,CapacidadAntropométricaTransversal,,ASIGNADO
T-06-11,Verificación profesional,Verificación,PROPIETARIO-06,M-02,B-02,6,PRO,UC-E01 UC-P01 UC-P02 UC-P03,4,RF-008 RF-009 RF-010 RF-011 RF-012 RF-013 RF-014 RF-067,8,UC-E01,Verificación profesional,VerificaciónProfesional,,ASIGNADO
T-06-12,Observación / subsanación,Observación,PROPIETARIO-06,M-02,B-02,6,PRO,UC-E01 UC-P01 UC-P02 UC-P03,4,RF-008 RF-009 RF-010 RF-011 RF-012 RF-013 RF-014 RF-067,8,UC-E01,Observación / subsanación,ObservaciónSubsanación,,ASIGNADO
T-06-13,Habilitación,Habilitación,PROPIETARIO-06,M-02/M-05,B-02,6,PRO,UC-E01 UC-E08 UC-P01 UC-P02 UC-P03 UC-P28 UC-P29 UC-P30 UC-P32 UC-P33,10,RF-008 RF-009 RF-010 RF-011 RF-012 RF-013 RF-014 RF-061 RF-062 RF-066 RF-067 RF-068 RF-071,13,UC-E01,Habilitación,Habilitación,,ASIGNADO
T-06-14,Capacidad configurada,Capacidad config.,PROPIETARIO-06,M-05,B-05,9,PRO,UC-E01 UC-E08 UC-P01 UC-P02 UC-P03 UC-P28 UC-P29 UC-P30 UC-P32 UC-P33,10,RF-008 RF-009 RF-010 RF-011 RF-012 RF-013 RF-014 RF-061 RF-062 RF-066 RF-067 RF-068 RF-071,13,UC-E01,Capacidad configurada,CapacidadConfigurada,,ASIGNADO
T-06-15,Vínculo,Vínculo,PROPIETARIO-06,M-03,B-03,7,REL/CON,UC-E08 UC-I02 UC-P04 UC-P05 UC-P06 UC-P07 UC-P08 UC-P28 UC-P29 UC-P30 UC-P32 UC-P33,12,RF-015 RF-018 RF-019 RF-020 RF-021 RF-022 RF-023 RF-024 RF-051 RF-052 RF-053 RF-057 RF-061 RF-062 RF-065 RF-066 RF-068 RF-071,18,UC-E08,Vínculo,Vínculo,,ASIGNADO
T-06-16,Solicitud de vínculo,Solicitud de vínculo,PROPIETARIO-06,M-03,B-03,7,REL/CON,UC-E08 UC-I02 UC-P04 UC-P05 UC-P06 UC-P07 UC-P08 UC-P28 UC-P29 UC-P30 UC-P32 UC-P33,12,RF-015 RF-018 RF-019 RF-020 RF-021 RF-022 RF-023 RF-024 RF-051 RF-052 RF-053 RF-057 RF-061 RF-062 RF-065 RF-066 RF-068 RF-071,18,UC-E08,Solicitud de vínculo,SolicitudDeVínculo,,ASIGNADO
T-06-17,Consentimiento vigente,Consentimiento,PROPIETARIO-06,M-03,B-03,7,REL/CON,UC-E08 UC-I02 UC-P04 UC-P05 UC-P06 UC-P07 UC-P08 UC-P28 UC-P29 UC-P30 UC-P32 UC-P33,12,RF-015 RF-018 RF-019 RF-020 RF-021 RF-022 RF-023 RF-024 RF-051 RF-052 RF-053 RF-057 RF-061 RF-062 RF-065 RF-066 RF-068 RF-071,18,UC-E08,Consentimiento vigente,ConsentimientoVigente,,ASIGNADO
T-06-18,Revocación de consentimiento,Revocación,PROPIETARIO-06,M-03,B-03,7,REL/CON,UC-E08 UC-I02 UC-P04 UC-P05 UC-P06 UC-P07 UC-P08 UC-P28 UC-P29 UC-P30 UC-P32 UC-P33,12,RF-015 RF-018 RF-019 RF-020 RF-021 RF-022 RF-023 RF-024 RF-051 RF-052 RF-053 RF-057 RF-061 RF-062 RF-065 RF-066 RF-068 RF-071,18,UC-E08,Revocación de consentimiento,RevocaciónDeConsentimiento,,ASIGNADO
T-06-19,Autorización contextual,Autorización ctx.,PROPIETARIO-06,M-03/M-11,B-03,7,REL/CON,UC-E07 UC-E08 UC-I02 UC-P04 UC-P05 UC-P06 UC-P07 UC-P08 UC-P23 UC-P24 UC-P28 UC-P29 UC-P30 UC-P31,16,RF-015 RF-018 RF-019 RF-020 RF-021 RF-022 RF-023 RF-024 RF-051 RF-052 RF-053 RF-054 RF-055 RF-057 RF-061 RF-062 RF-065 RF-066 RF-068 RF-071,20,UC-E07,Autorización contextual,AutorizaciónContextual,,ASIGNADO
T-06-20,Versión,Versión,PROPIETARIO-06,M-06,B-06,4,—,UC-I01 UC-I03 UC-I04 UC-I07 UC-I08 UC-I10 UC-I11 UC-I13 UC-S01,9,RF-007 RF-009 RF-025 RF-028 RF-031 RF-038 RF-041 RF-044 RF-050 RF-054 RF-057 RF-058 RF-059 RF-060 RF-066 RF-067 RF-070 RF-071,18,UC-I01,Versión,Versión,,ASIGNADO
T-06-21,Instantánea reproducible (snapshot),Instantánea,PROPIETARIO-06,M-06,B-06,4,—,UC-I01 UC-I03 UC-I04 UC-I07 UC-I08 UC-I10 UC-I11 UC-I13 UC-S01,9,RF-007 RF-009 RF-025 RF-028 RF-031 RF-038 RF-041 RF-044 RF-050 RF-054 RF-057 RF-058 RF-059 RF-060 RF-066 RF-067 RF-070 RF-071,18,UC-I01,Instantánea reproducible (snapshot),InstantáneaReproducible,,ASIGNADO
T-06-22,Corrección trazable,Corrección,PROPIETARIO-06,M-06,B-06,4,—,UC-I01 UC-I03 UC-I04 UC-I07 UC-I08 UC-I10 UC-I11 UC-I13 UC-S01,9,RF-007 RF-009 RF-025 RF-028 RF-031 RF-038 RF-041 RF-044 RF-050 RF-054 RF-057 RF-058 RF-059 RF-060 RF-066 RF-067 RF-070 RF-071,18,UC-I01,Corrección trazable,CorrecciónTrazable,,ASIGNADO
T-06-23,Procedencia,Procedencia,PROPIETARIO-06,M-06,B-06,4,—,UC-I01 UC-I03 UC-I04 UC-I07 UC-I08 UC-I10 UC-I11 UC-I13 UC-S01,9,RF-007 RF-009 RF-025 RF-028 RF-031 RF-038 RF-041 RF-044 RF-050 RF-054 RF-057 RF-058 RF-059 RF-060 RF-066 RF-067 RF-070 RF-071,18,UC-I01,Procedencia,Procedencia,,ASIGNADO
T-06-24,Momento de ocurrencia / Momento de registro,Ocurrencia/Registro,PROPIETARIO-06,M-06/M-11,B-06,4,—,UC-E07 UC-I01 UC-I03 UC-I04 UC-I07 UC-I08 UC-I10 UC-I11 UC-I13 UC-P23 UC-P24 UC-P31 UC-S01,13,RF-007 RF-009 RF-025 RF-028 RF-031 RF-038 RF-041 RF-044 RF-050 RF-052 RF-053 RF-054 RF-055 RF-057 RF-058 RF-059 RF-060 RF-065 RF-066 RF-067 RF-070 RF-071,22,UC-E07,Momento de ocurrencia / Momento de registro,MomentoDeOcurrenciaMomentoDeRegistro,,ASIGNADO
T-06-25,Proceso (operativo abierto / vigente / nuevo),Proceso,PROPIETARIO-06,M-04,B-04,8,—,UC-I01 UC-I03 UC-I04 UC-I07 UC-I08 UC-I10 UC-I11 UC-I13 UC-S01,9,RF-007 RF-009 RF-025 RF-028 RF-031 RF-038 RF-041 RF-044 RF-050 RF-054 RF-057 RF-058 RF-059 RF-060 RF-066 RF-067 RF-070 RF-071,18,UC-I01,Proceso (operativo abierto / vigente / nuevo),Proceso,,ASIGNADO
T-06-26,Activación de plan,Activación,PROPIETARIO-06,M-04/M-07/M-08,B-04,8,—,UC-E02 UC-I01 UC-I03 UC-I04 UC-I05 UC-I06 UC-I07 UC-I08 UC-I10 UC-I11 UC-I13 UC-P09 UC-P10 UC-P11,22,RF-007 RF-009 RF-025 RF-026 RF-027 RF-028 RF-029 RF-030 RF-031 RF-035 RF-038 RF-041 RF-044 RF-046 RF-050 RF-054 RF-055 RF-056 RF-057 RF-058 RF-059 RF-060 RF-066 RF-067 RF-070 RF-071,26,UC-E02,Activación de plan,ActivaciónDePlan,,ASIGNADO
T-06-27,Objetivo vigente,Objetivo,PROPIETARIO-06,M-07/M-08,B-07,10,NUT/INT-NUT,UC-E02 UC-I05 UC-I06 UC-P09 UC-P10 UC-P11 UC-P12 UC-P13 UC-P14 UC-P15 UC-P16 UC-P17 UC-P18,13,RF-026 RF-027 RF-028 RF-029 RF-030 RF-031 RF-032 RF-033 RF-034 RF-035 RF-036 RF-037 RF-038 RF-039 RF-040 RF-041 RF-042 RF-043 RF-044 RF-045 RF-046 RF-055 RF-056 RF-058 RF-059 RF-060 RF-064 RF-066 RF-070,29,UC-E02,Objetivo vigente,ObjetivoVigente,,ASIGNADO
T-06-28,Plan profesional / Plan nutricional,Plan,PROPIETARIO-06,M-07/M-08,B-07,10,NUT/INT-NUT,UC-E02 UC-I05 UC-I06 UC-P09 UC-P10 UC-P11 UC-P12 UC-P13 UC-P14 UC-P15 UC-P16 UC-P17 UC-P18,13,RF-026 RF-027 RF-028 RF-029 RF-030 RF-031 RF-032 RF-033 RF-034 RF-035 RF-036 RF-037 RF-038 RF-039 RF-040 RF-041 RF-042 RF-043 RF-044 RF-045 RF-046 RF-055 RF-056 RF-058 RF-059 RF-060 RF-064 RF-066 RF-070,29,UC-E02,Plan profesional / Plan nutricional,PlanProfesionalPlanNutricional,,ASIGNADO
T-06-29,Borrador de plan · Versión activada,Prescripción,PROPIETARIO-06,M-07/M-08,B-07,10,NUT/INT-NUT,UC-E02 UC-I05 UC-I06 UC-P09 UC-P10 UC-P11 UC-P12 UC-P13 UC-P14 UC-P15 UC-P16 UC-P17 UC-P18,13,RF-026 RF-027 RF-028 RF-029 RF-030 RF-031 RF-032 RF-033 RF-034 RF-035 RF-036 RF-037 RF-038 RF-039 RF-040 RF-041 RF-042 RF-043 RF-044 RF-045 RF-046 RF-055 RF-056 RF-058 RF-059 RF-060 RF-064 RF-066 RF-070,29,UC-E02,Borrador de plan · Versión activada,BorradorDePlan·VersiónActivada,,ASIGNADO
T-06-30,Adherencia o ejecución registrada,Ingesta registrada,PROPIETARIO-06,M-07/M-08,B-07,10,NUT/INT-NUT,UC-E02 UC-I05 UC-I06 UC-P09 UC-P10 UC-P11 UC-P12 UC-P13 UC-P14 UC-P15 UC-P16 UC-P17 UC-P18,13,RF-026 RF-027 RF-028 RF-029 RF-030 RF-031 RF-032 RF-033 RF-034 RF-035 RF-036 RF-037 RF-038 RF-039 RF-040 RF-041 RF-042 RF-043 RF-044 RF-045 RF-046 RF-055 RF-056 RF-058 RF-059 RF-060 RF-064 RF-066 RF-070,29,UC-E02,Adherencia o ejecución registrada,AdherenciaOEjecuciónRegistrada,,ASIGNADO
T-06-31,Catálogo propio · Importación controlada,Catálogo,PROPIETARIO-06,M-07/M-08,B-07,10,NUT/INT-NUT,UC-E02 UC-I05 UC-I06 UC-P09 UC-P10 UC-P11 UC-P12 UC-P13 UC-P14 UC-P15 UC-P16 UC-P17 UC-P18,13,RF-026 RF-027 RF-028 RF-029 RF-030 RF-031 RF-032 RF-033 RF-034 RF-035 RF-036 RF-037 RF-038 RF-039 RF-040 RF-041 RF-042 RF-043 RF-044 RF-045 RF-046 RF-055 RF-056 RF-058 RF-059 RF-060 RF-064 RF-066 RF-070,29,UC-E02,Catálogo propio · Importación controlada,CatálogoPropio·ImportaciónControlada,,ASIGNADO
T-06-32,Bloque de entrenamiento · Prescripción de entrenamiento · Ejecución real,Ejecución real,PROPIETARIO-06,M-08,B-08,11,TRN/INT-TRN,UC-E02 UC-P14 UC-P15 UC-P16 UC-P17 UC-P18,6,RF-036 RF-037 RF-038 RF-039 RF-040 RF-041 RF-042 RF-043 RF-044 RF-045 RF-046 RF-056 RF-058 RF-059 RF-060 RF-064 RF-066 RF-070,18,UC-E02,Bloque de entrenamiento · Prescripción de entrenamiento · Ejecución real,BloqueDeEntrenamiento·PrescripciónDeEntrenamiento·EjecuciónReal,,ASIGNADO
T-06-33,Medición antropométrica directa · Protocolo identificado,Medición directa,PROPIETARIO-06,M-09,B-10,13,ANT,UC-E03 UC-E04 UC-I09 UC-I12 UC-P19 UC-P20 UC-P21 UC-P22,8,RF-044 RF-047 RF-048 RF-049 RF-050 RF-051 RF-059 RF-066 RF-070,9,UC-E03,Medición antropométrica directa · Protocolo identificado,MediciónAntropométricaDirecta·ProtocoloIdentificado,,ASIGNADO
T-06-34,Cálculo antropométrico derivado,Cálculo derivado,PROPIETARIO-06,M-09,B-10,13,ANT,UC-E03 UC-E04 UC-I09 UC-I12 UC-P19 UC-P20 UC-P21 UC-P22,8,RF-044 RF-047 RF-048 RF-049 RF-050 RF-051 RF-059 RF-066 RF-070,9,UC-E03,Cálculo antropométrico derivado,CálculoAntropométricoDerivado,,ASIGNADO
T-06-35,Evolución antropométrica,Evolución,PROPIETARIO-06,M-09/M-11,B-10,13,ANT,UC-E03 UC-E04 UC-E07 UC-I09 UC-I12 UC-P19 UC-P20 UC-P21 UC-P22 UC-P23 UC-P24 UC-P31,12,RF-044 RF-047 RF-048 RF-049 RF-050 RF-051 RF-052 RF-053 RF-054 RF-055 RF-057 RF-059 RF-065 RF-066 RF-070,15,UC-E03,Evolución antropométrica,EvoluciónAntropométrica,,ASIGNADO
T-06-36,Servicio antropométrico limitado · Ubicación utilizable,Servicio publicado,PROPIETARIO-06,M-09,B-10,13,ANT,UC-E03 UC-E04 UC-I09 UC-I12 UC-P19 UC-P20 UC-P21 UC-P22,8,RF-044 RF-047 RF-048 RF-049 RF-050 RF-051 RF-059 RF-066 RF-070,9,UC-E03,Servicio antropométrico limitado · Ubicación utilizable,ServicioAntropométricoLimitado·UbicaciónUtilizable,,ASIGNADO
T-06-37,Revisión profesional válida,Revisión válida,PROPIETARIO-06,M-10,B-09,12,—,UC-I05 UC-I06 UC-P13,3,RF-034 RF-035 RF-046 RF-055 RF-056 RF-058,6,UC-I05,Revisión profesional válida,RevisiónProfesionalVálida,,ASIGNADO
T-06-38,Resultado semántico de revisión,Resultado,PROPIETARIO-06,M-10,B-09,12,—,UC-I05 UC-I06 UC-P13,3,RF-034 RF-035 RF-046 RF-055 RF-056 RF-058,6,UC-I05,Resultado semántico de revisión,ResultadoSemánticoDeRevisión,,ASIGNADO
T-06-39,Próxima acción,Próxima acción,PROPIETARIO-06,M-10,B-09,12,—,UC-I05 UC-I06 UC-P13,3,RF-034 RF-035 RF-046 RF-055 RF-056 RF-058,6,UC-I05,Próxima acción,PróximaAcción,,ASIGNADO
T-06-40,Ciclo cerrado trazable,Ciclo cerrado,PROPIETARIO-06,M-10/M-12,B-09,12,—,UC-E07 UC-I01 UC-I03 UC-I04 UC-I05 UC-I06 UC-I07 UC-I08 UC-I10 UC-I11 UC-I13 UC-P13 UC-P23 UC-P24,16,RF-007 RF-009 RF-025 RF-028 RF-031 RF-034 RF-035 RF-038 RF-041 RF-044 RF-046 RF-050 RF-052 RF-053 RF-054 RF-055 RF-056 RF-057 RF-058 RF-059 RF-060 RF-066 RF-067 RF-070 RF-071,25,UC-E07,Ciclo cerrado trazable,CicloCerradoTrazable,,ASIGNADO
T-06-41,Revisión pendiente,Revisión pendiente,PROPIETARIO-06,M-10/M-11,B-09,12,—,UC-E07 UC-I05 UC-I06 UC-P13 UC-P23 UC-P24 UC-P31,7,RF-034 RF-035 RF-046 RF-052 RF-053 RF-054 RF-055 RF-056 RF-057 RF-058 RF-065,11,UC-E07,Revisión pendiente,RevisiónPendiente,,ASIGNADO
T-06-42,Cartera profesional · Dashboard interdisciplinario · Línea temporal longitudinal · Progreso longitudinal propio,Proyección,PROPIETARIO-06,M-11,B-11,14,DSH/PRJ/CRD,UC-E07 UC-P23 UC-P24 UC-P31,4,RF-052 RF-053 RF-054 RF-055 RF-057 RF-065,6,UC-E07,Cartera profesional · Dashboard interdisciplinario · Línea temporal longitudinal · Progreso longitudinal propio,CarteraProfesional·DashboardInterdisciplinario·LíneaTemporalLongitudinal·ProgresoLongitudinalPropio,,ASIGNADO
T-06-43,Nota de coordinación autorizada,Línea temporal,PROPIETARIO-06,M-11,B-11,14,DSH/PRJ/CRD,UC-E07 UC-P23 UC-P24 UC-P31,4,RF-052 RF-053 RF-054 RF-055 RF-057 RF-065,6,UC-E07,Nota de coordinación autorizada,NotaDeCoordinaciónAutorizada,,ASIGNADO
T-06-44,TVCC-30,TVCC-30,PROPIETARIO-06,M-12,B-12,15,ANA-P1,UC-E07 UC-I01 UC-I03 UC-I04 UC-I07 UC-I08 UC-I10 UC-I11 UC-I13 UC-P23 UC-P24 UC-P31 UC-S01,13,RF-007 RF-009 RF-025 RF-028 RF-031 RF-038 RF-041 RF-044 RF-050 RF-052 RF-053 RF-054 RF-055 RF-057 RF-058 RF-059 RF-060 RF-065 RF-066 RF-067 RF-070 RF-071,22,UC-E07,TVCC-30,TVCC-30,,ASIGNADO
T-06-45,Alcance,Alcance,PROPIETARIO-06,M-02/M-03,B-02,6,PRO,UC-E01 UC-E08 UC-I02 UC-P01 UC-P02 UC-P03 UC-P04 UC-P05 UC-P06 UC-P07 UC-P08 UC-P28 UC-P29 UC-P30,16,RF-008 RF-009 RF-010 RF-011 RF-012 RF-013 RF-014 RF-015 RF-018 RF-019 RF-020 RF-021 RF-022 RF-023 RF-024 RF-051 RF-052 RF-053 RF-057 RF-061 RF-062 RF-065 RF-066 RF-067 RF-068 RF-071,26,UC-E01,Alcance,Alcance,,ASIGNADO
T-06-46,Progresión de entrenamiento,Progresión,PROPIETARIO-06,M-08/M-10,B-08,11,TRN/INT-TRN,UC-E02 UC-I05 UC-I06 UC-P13 UC-P14 UC-P15 UC-P16 UC-P17 UC-P18,9,RF-034 RF-035 RF-036 RF-037 RF-038 RF-039 RF-040 RF-041 RF-042 RF-043 RF-044 RF-045 RF-046 RF-055 RF-056 RF-058 RF-059 RF-060 RF-064 RF-066 RF-070,21,UC-E02,Progresión de entrenamiento,ProgresiónDeEntrenamiento,,ASIGNADO
T-06-47,Día tipo,Día tipo,PROPIETARIO-06,M-07,B-07,10,NUT/INT-NUT,UC-I05 UC-I06 UC-P09 UC-P10 UC-P11 UC-P12 UC-P13,7,RF-026 RF-027 RF-028 RF-029 RF-030 RF-031 RF-032 RF-033 RF-034 RF-035 RF-046 RF-055 RF-056 RF-058 RF-059 RF-060 RF-066 RF-070,18,UC-I05,Día tipo,DíaTipo,,ASIGNADO
T-06-48,Comida,Comida,PROPIETARIO-06,M-07,B-07,10,NUT/INT-NUT,UC-I05 UC-I06 UC-P09 UC-P10 UC-P11 UC-P12 UC-P13,7,RF-026 RF-027 RF-028 RF-029 RF-030 RF-031 RF-032 RF-033 RF-034 RF-035 RF-046 RF-055 RF-056 RF-058 RF-059 RF-060 RF-066 RF-070,18,UC-I05,Comida,Comida,,ASIGNADO
T-06-49,Opción de comida,Opción de comida,PROPIETARIO-06,M-07,B-07,10,NUT/INT-NUT,UC-I05 UC-I06 UC-P09 UC-P10 UC-P11 UC-P12 UC-P13,7,RF-026 RF-027 RF-028 RF-029 RF-030 RF-031 RF-032 RF-033 RF-034 RF-035 RF-046 RF-055 RF-056 RF-058 RF-059 RF-060 RF-066 RF-070,18,UC-I05,Opción de comida,OpciónDeComida,,ASIGNADO
T-06-50,Ítem prescripto,Ítem prescripto,PROPIETARIO-06,M-07,B-07,10,NUT/INT-NUT,UC-I05 UC-I06 UC-P09 UC-P10 UC-P11 UC-P12 UC-P13,7,RF-026 RF-027 RF-028 RF-029 RF-030 RF-031 RF-032 RF-033 RF-034 RF-035 RF-046 RF-055 RF-056 RF-058 RF-059 RF-060 RF-066 RF-070,18,UC-I05,Ítem prescripto,ÍtemPrescripto,,ASIGNADO
T-06-51,Grupo de intercambio,Grupo de intercambio,PROPIETARIO-06,M-07,B-07,10,NUT/INT-NUT,UC-I05 UC-I06 UC-P09 UC-P10 UC-P11 UC-P12 UC-P13,7,RF-026 RF-027 RF-028 RF-029 RF-030 RF-031 RF-032 RF-033 RF-034 RF-035 RF-046 RF-055 RF-056 RF-058 RF-059 RF-060 RF-066 RF-070,18,UC-I05,Grupo de intercambio,GrupoDeIntercambio,,ASIGNADO
T-06-52,Nutriente crítico,Nutriente crítico,PROPIETARIO-06,M-07,B-07,10,NUT/INT-NUT,UC-I05 UC-I06 UC-P09 UC-P10 UC-P11 UC-P12 UC-P13,7,RF-026 RF-027 RF-028 RF-029 RF-030 RF-031 RF-032 RF-033 RF-034 RF-035 RF-046 RF-055 RF-056 RF-058 RF-059 RF-060 RF-066 RF-070,18,UC-I05,Nutriente crítico,NutrienteCrítico,,ASIGNADO
T-06-53,Estado de preparación,Estado de preparación,PROPIETARIO-06,M-07,B-07,10,NUT/INT-NUT,UC-I05 UC-I06 UC-P09 UC-P10 UC-P11 UC-P12 UC-P13,7,RF-026 RF-027 RF-028 RF-029 RF-030 RF-031 RF-032 RF-033 RF-034 RF-035 RF-046 RF-055 RF-056 RF-058 RF-059 RF-060 RF-066 RF-070,18,UC-I05,Estado de preparación,EstadoDePreparación,,ASIGNADO
T-06-54,Ingesta registrada,Ingesta registrada,PROPIETARIO-06,M-07,B-07,10,NUT/INT-NUT,UC-I05 UC-I06 UC-P09 UC-P10 UC-P11 UC-P12 UC-P13,7,RF-026 RF-027 RF-028 RF-029 RF-030 RF-031 RF-032 RF-033 RF-034 RF-035 RF-046 RF-055 RF-056 RF-058 RF-059 RF-060 RF-066 RF-070,18,UC-I05,Ingesta registrada,IngestaRegistrada,,ASIGNADO
T-06-55,Atributo nutricional extendido,Atributo,PROPIETARIO-06,M-07,B-07,10,NUT/INT-NUT,UC-I05 UC-I06 UC-P09 UC-P10 UC-P11 UC-P12 UC-P13,7,RF-026 RF-027 RF-028 RF-029 RF-030 RF-031 RF-032 RF-033 RF-034 RF-035 RF-046 RF-055 RF-056 RF-058 RF-059 RF-060 RF-066 RF-070,18,UC-I05,Atributo nutricional extendido,AtributoNutricionalExtendido,,ASIGNADO
T-06-56,Modalidad de prescripción y registro nutricional,Modalidad de,PROPIETARIO-06,M-07,B-07,10,NUT/INT-NUT,UC-I05 UC-I06 UC-P09 UC-P10 UC-P11 UC-P12 UC-P13,7,RF-026 RF-027 RF-028 RF-029 RF-030 RF-031 RF-032 RF-033 RF-034 RF-035 RF-046 RF-055 RF-056 RF-058 RF-059 RF-060 RF-066 RF-070,18,UC-I05,Modalidad de prescripción y registro nutricional,ModalidadDePrescripciónYRegistroNutricional,,ASIGNADO
T-06-64,Recurso didáctico de catálogo,Recurso didáctico,PROPIETARIO-06,M-07/M-08,B-07,10,NUT/TRN,UC-E02 UC-I05 UC-I06 UC-P09 UC-P10 UC-P11 UC-P12 UC-P13 UC-P14 UC-P15 UC-P16 UC-P17 UC-P18,13,RF-026 RF-027 RF-028 RF-029 RF-030 RF-031 RF-032 RF-033 RF-034 RF-035 RF-036 RF-037 RF-038 RF-039 RF-040 RF-041 RF-042 RF-043 RF-044 RF-045 RF-046 RF-055 RF-056 RF-058 RF-059 RF-060 RF-064 RF-066 RF-070,29,UC-E02,Recurso didáctico de catálogo,RecursoDidácticoDeCatálogo,,ASIGNADO
T-06-65,Evidencia visual de ingesta,Evidencia visual de,PROPIETARIO-06,M-07,B-07,10,NUT,UC-I05 UC-I06 UC-P09 UC-P10 UC-P11 UC-P12 UC-P13,7,RF-026 RF-027 RF-028 RF-029 RF-030 RF-031 RF-032 RF-033 RF-034 RF-035 RF-046 RF-055 RF-056 RF-058 RF-059 RF-060 RF-066 RF-070,18,UC-I05,Evidencia visual de ingesta,EvidenciaVisualDeIngesta,,ASIGNADO
T-06-66,Atlas de referencia de porciones,Atlas de referencia,PROPIETARIO-06,M-07,B-07,10,NUT,UC-I05 UC-I06 UC-P09 UC-P10 UC-P11 UC-P12 UC-P13,7,RF-026 RF-027 RF-028 RF-029 RF-030 RF-031 RF-032 RF-033 RF-034 RF-035 RF-046 RF-055 RF-056 RF-058 RF-059 RF-060 RF-066 RF-070,18,UC-I05,Atlas de referencia de porciones,AtlasDeReferenciaDePorciones,,ASIGNADO
T-06-57,Microciclo,Microciclo,PROPIETARIO-06,M-08,B-08,11,TRN/INT-TRN,UC-E02 UC-P14 UC-P15 UC-P16 UC-P17 UC-P18,6,RF-036 RF-037 RF-038 RF-039 RF-040 RF-041 RF-042 RF-043 RF-044 RF-045 RF-046 RF-056 RF-058 RF-059 RF-060 RF-064 RF-066 RF-070,18,UC-E02,Microciclo,Microciclo,,ASIGNADO
T-06-58,Propósito de bloque o microciclo,Propósito de bloque,PROPIETARIO-06,M-08,B-08,11,TRN/INT-TRN,UC-E02 UC-P14 UC-P15 UC-P16 UC-P17 UC-P18,6,RF-036 RF-037 RF-038 RF-039 RF-040 RF-041 RF-042 RF-043 RF-044 RF-045 RF-046 RF-056 RF-058 RF-059 RF-060 RF-064 RF-066 RF-070,18,UC-E02,Propósito de bloque o microciclo,PropósitoDeBloqueOMicrociclo,,ASIGNADO
T-06-59,Criterio de intensidad,Criterio de intensidad,PROPIETARIO-06,M-08,B-08,11,TRN/INT-TRN,UC-E02 UC-P14 UC-P15 UC-P16 UC-P17 UC-P18,6,RF-036 RF-037 RF-038 RF-039 RF-040 RF-041 RF-042 RF-043 RF-044 RF-045 RF-046 RF-056 RF-058 RF-059 RF-060 RF-064 RF-066 RF-070,18,UC-E02,Criterio de intensidad,CriterioDeIntensidad,,ASIGNADO
T-06-60,Sustitución de ejercicio,Sustitución de,PROPIETARIO-06,M-08,B-08,11,TRN/INT-TRN,UC-E02 UC-P14 UC-P15 UC-P16 UC-P17 UC-P18,6,RF-036 RF-037 RF-038 RF-039 RF-040 RF-041 RF-042 RF-043 RF-044 RF-045 RF-046 RF-056 RF-058 RF-059 RF-060 RF-064 RF-066 RF-070,18,UC-E02,Sustitución de ejercicio,SustituciónDeEjercicio,,ASIGNADO
T-06-61,Condición de sesión,Condición de sesión,PROPIETARIO-06,M-08,B-08,11,TRN/INT-TRN,UC-E02 UC-P14 UC-P15 UC-P16 UC-P17 UC-P18,6,RF-036 RF-037 RF-038 RF-039 RF-040 RF-041 RF-042 RF-043 RF-044 RF-045 RF-046 RF-056 RF-058 RF-059 RF-060 RF-064 RF-066 RF-070,18,UC-E02,Condición de sesión,CondiciónDeSesión,,ASIGNADO
T-06-62,Granularidad de registro de entrenamiento,Granularidad de,PROPIETARIO-06,M-08,B-08,11,TRN/INT-TRN,UC-E02 UC-P14 UC-P15 UC-P16 UC-P17 UC-P18,6,RF-036 RF-037 RF-038 RF-039 RF-040 RF-041 RF-042 RF-043 RF-044 RF-045 RF-046 RF-056 RF-058 RF-059 RF-060 RF-064 RF-066 RF-070,18,UC-E02,Granularidad de registro de entrenamiento,GranularidadDeRegistroDeEntrenamiento,,ASIGNADO
T-06-63,Esfuerzo percibido,Esfuerzo percibido,PROPIETARIO-06,M-08,B-08,11,TRN/INT-TRN,UC-E02 UC-P14 UC-P15 UC-P16 UC-P17 UC-P18,6,RF-036 RF-037 RF-038 RF-039 RF-040 RF-041 RF-042 RF-043 RF-044 RF-045 RF-046 RF-056 RF-058 RF-059 RF-060 RF-064 RF-066 RF-070,18,UC-E02,Esfuerzo percibido,EsfuerzoPercibido,,ASIGNADO
T-06-67,Zona muscular,Zona muscular,PROPIETARIO-06,M-08,B-08,11,TRN/INT-TRN,UC-E02 UC-P14 UC-P15 UC-P16 UC-P17 UC-P18,6,RF-036 RF-037 RF-038 RF-039 RF-040 RF-041 RF-042 RF-043 RF-044 RF-045 RF-046 RF-056 RF-058 RF-059 RF-060 RF-064 RF-066 RF-070,18,UC-E02,Zona muscular,ZonaMuscular,,ASIGNADO
T-06-68,Vista anatómica de Zona,Vista anatómica de,PROPIETARIO-06,M-08,B-08,11,TRN/INT-TRN,UC-E02 UC-P14 UC-P15 UC-P16 UC-P17 UC-P18,6,RF-036 RF-037 RF-038 RF-039 RF-040 RF-041 RF-042 RF-043 RF-044 RF-045 RF-046 RF-056 RF-058 RF-059 RF-060 RF-064 RF-066 RF-070,18,UC-E02,Vista anatómica de Zona,VistaAnatómicaDeZona,,ASIGNADO
T-06-69,Relación Ejercicio–Zona muscular,Relación,PROPIETARIO-06,M-08,B-08,11,TRN/INT-TRN,UC-E02 UC-P14 UC-P15 UC-P16 UC-P17 UC-P18,6,RF-036 RF-037 RF-038 RF-039 RF-040 RF-041 RF-042 RF-043 RF-044 RF-045 RF-046 RF-056 RF-058 RF-059 RF-060 RF-064 RF-066 RF-070,18,UC-E02,Relación Ejercicio–Zona muscular,RelaciónEjercicio–ZonaMuscular,,ASIGNADO
T-06-70,Rol de implicación muscular,Rol de implicación,PROPIETARIO-06,M-08,B-08,11,TRN/INT-TRN,UC-E02 UC-P14 UC-P15 UC-P16 UC-P17 UC-P18,6,RF-036 RF-037 RF-038 RF-039 RF-040 RF-041 RF-042 RF-043 RF-044 RF-045 RF-046 RF-056 RF-058 RF-059 RF-060 RF-064 RF-066 RF-070,18,UC-E02,Rol de implicación muscular,RolDeImplicaciónMuscular,,ASIGNADO
T-06-71,Serie ejecutada estructurada,Serie ejecutada,PROPIETARIO-06,M-08,B-08,11,TRN/INT-TRN,UC-E02 UC-P14 UC-P15 UC-P16 UC-P17 UC-P18,6,RF-036 RF-037 RF-038 RF-039 RF-040 RF-041 RF-042 RF-043 RF-044 RF-045 RF-046 RF-056 RF-058 RF-059 RF-060 RF-064 RF-066 RF-070,18,UC-E02,Serie ejecutada estructurada,SerieEjecutadaEstructurada,,ASIGNADO
T-06-72,Método profesional versionado,Método profesional,PROPIETARIO-06,M-11,B-11,14,MTH,UC-E07 UC-P23 UC-P24 UC-P31,4,RF-052 RF-053 RF-054 RF-055 RF-057 RF-065,6,UC-E07,Método profesional versionado,MétodoProfesionalVersionado,,ASIGNADO
T-06-73,Ejecución de cálculo reproducible,Ejecución de,PROPIETARIO-06,M-11,B-11,14,CAL,UC-E07 UC-P23 UC-P24 UC-P31,4,RF-052 RF-053 RF-054 RF-055 RF-057 RF-065,6,UC-E07,Ejecución de cálculo reproducible,EjecuciónDeCálculoReproducible,,ASIGNADO
T-06-74,Referencia profesional adoptada,Referencia,PROPIETARIO-06,M-11,B-11,14,CAL,UC-E07 UC-P23 UC-P24 UC-P31,4,RF-052 RF-053 RF-054 RF-055 RF-057 RF-065,6,UC-E07,Referencia profesional adoptada,ReferenciaProfesionalAdoptada,,ASIGNADO
T-06-75,Plantilla BE versionada de solicitud,Plantilla BE,PROPIETARIO-06,M-03,B-03,7,FRM,UC-E08 UC-I02 UC-P04 UC-P05 UC-P06 UC-P07 UC-P08 UC-P28 UC-P29 UC-P30 UC-P32 UC-P33,12,RF-015 RF-018 RF-019 RF-020 RF-021 RF-022 RF-023 RF-024 RF-051 RF-052 RF-053 RF-057 RF-061 RF-062 RF-065 RF-066 RF-068 RF-071,18,UC-E08,Plantilla BE versionada de solicitud,PlantillaBEVersionadaDeSolicitud,,ASIGNADO
T-06-76,Solicitud estructurada de información,Solicitud,PROPIETARIO-06,M-03,B-03,7,FRM,UC-E08 UC-I02 UC-P04 UC-P05 UC-P06 UC-P07 UC-P08 UC-P28 UC-P29 UC-P30 UC-P32 UC-P33,12,RF-015 RF-018 RF-019 RF-020 RF-021 RF-022 RF-023 RF-024 RF-051 RF-052 RF-053 RF-057 RF-061 RF-062 RF-065 RF-066 RF-068 RF-071,18,UC-E08,Solicitud estructurada de información,SolicitudEstructuradaDeInformación,,ASIGNADO
T-06-77,Respuesta estructurada autoinformada,Respuesta,PROPIETARIO-06,M-03,B-03,7,FRM,UC-E08 UC-I02 UC-P04 UC-P05 UC-P06 UC-P07 UC-P08 UC-P28 UC-P29 UC-P30 UC-P32 UC-P33,12,RF-015 RF-018 RF-019 RF-020 RF-021 RF-022 RF-023 RF-024 RF-051 RF-052 RF-053 RF-057 RF-061 RF-062 RF-065 RF-066 RF-068 RF-071,18,UC-E08,Respuesta estructurada autoinformada,RespuestaEstructuradaAutoinformada,,ASIGNADO
T-06-78,Evaluación antropométrica en preparación,Evaluación,PROPIETARIO-06,M-09,B-10,13,ANT,UC-E03 UC-E04 UC-I09 UC-I12 UC-P19 UC-P20 UC-P21 UC-P22,8,RF-044 RF-047 RF-048 RF-049 RF-050 RF-051 RF-059 RF-066 RF-070,9,UC-E03,Evaluación antropométrica en preparación,EvaluaciónAntropométricaEnPreparación,,ASIGNADO
T-06-79,Anulación antropométrica,Anulación,PROPIETARIO-06,M-09/M-06,B-10,13,ANT,UC-E03 UC-E04 UC-I01 UC-I03 UC-I04 UC-I07 UC-I08 UC-I09 UC-I10 UC-I11 UC-I12 UC-I13 UC-P19 UC-P20,17,RF-007 RF-009 RF-025 RF-028 RF-031 RF-038 RF-041 RF-044 RF-047 RF-048 RF-049 RF-050 RF-051 RF-054 RF-057 RF-059 RF-060 RF-066 RF-067 RF-070 RF-071,21,UC-E03,Anulación antropométrica,AnulaciónAntropométrica,,ASIGNADO
