"tipo_de_fila","id","elemento_del_der","t06_en_el_der","figura_del_der","implementacion_prisma","tablas","forma","atributos_clave","relaciones_y_cardinalidad","diferencias","dl_o_declaracion","resultado","quien_se_aparta_del_06"
"ENTIDAD","E01","Identidad BE","T-06-01","DV-06.1","Identidad (identidad)","identidad","tabla","identificador UUID, estado de cuenta (enum OPERATIVA, SUSPENDIDA, CERRADA), autoría de creación, procedencia, ocurrencia y registro. La referencia al perfil propio es la clave foránea inversa, única, de perfil_propio.","R001 1:1, R002 1:0..N, R006 1:0..1 y R063 1:0..1 coinciden. R003 falta. R007, R008 y R064 se resuelven con pares (identidad, alcance).","Ninguna estructural. Se relaciona además con tablas que el DER no dibuja: sesiones, actos A1/A2/A3, decisiones del PDP y eventos.","DL-003 (cerrada: completó la estructura del 06 §5.4.2) · DL-011 · DL-021","Coincide","—"
"ENTIDAD","E02","Perfil propio","T-06-04","DV-06.1","PerfilPropio (perfil_propio)","perfil_propio","tabla","identificador e identidad (única). La versión efectiva existe como columna y siempre es nula. No hay historia de versiones ni procedencia.","R001 1:1, garantizada por un disparador diferido que exige un perfil por identidad (INV-06-22).","Sin contenido ni versiones: el legajo no aprobó los campos del perfil propio.","DL-009 (abierta) · DL-040","Difiere (estructura)","implementación (declarada)"
"ENTIDAD","E03","Método de acceso","T-06-03","DV-06.1","MetodoDeAcceso (metodo_de_acceso)","metodo_de_acceso","tabla","identificador, identidad, referencia normalizada, procedencia, ocurrencia y registro. El tipo solo admite LOCAL y no hay referencia a un proveedor. La credencial (hash bcrypt) vive aparte, en credencial_local, que el DER no tiene.","R002 1:0..N, con unicidad global de (tipo, referencia).","Sin acceso federado: falta el valor «federado» y la referencia al proveedor.","DL-011 · el acceso federado (RF-003 y RF-004) está fuera de alcance en docs/paquetes/WP-02.md §8 y docs/QUE-FALTA.md §7, sin DL","Difiere (estructura)","implementación (alcance declarado)"
"ENTIDAD","E04","Incidencia administrativa","T-06-06","DV-06.1","No implementada","","—","—","R003 falta.","RF-068 es P1 y la entrega no tiene rol administrador.","Sin DL · docs/QUE-FALTA.md §2 (rol administrador, WP-09) · docs/mesa/MESA_01/ESTADO_PUNTOS_5_11_14_ENTREGA.md («El rol administrador no existe en la entrega»)","Falta","—"
"ENTIDAD","E05","Novedad interna","T-06-07","DV-06.1","No implementada","","—","—","R005 falta. R004 está retirada en el DER.","RF-061 (P1) no se implementó.","Sin DL · fuera del tramo en docs/paquetes/WP-CONSOLIDACION.md","Falta","—"
"ENTIDAD","E06","Notificación push","T-06-08","DV-06.1","No implementada","","—","—","R005 falta.","Ni la APK ni la API tienen una dependencia de notificaciones.","Sin DL · RF-062 (P2) fuera en docs/paquetes/WP-06.md §8, WP-CONSOLIDACION.md y docs/QUE-FALTA.md §7","Falta","—"
"ENTIDAD","E07","Cierre de cuenta","T-06-05","DV-06.1","SolicitudDeCierreDeCuenta (solicitud_de_cierre_de_cuenta)","solicitud_de_cierre_de_cuenta","tabla","identificador, identidad (única), actor, versión del texto de consecuencias mostrado, procedencia, ocurrencia y registro. La confirmación explícita la exige el contrato (confirmed: true).","R006 1:0..1.","Ninguna estructural. El cierre es síncrono.","DL-016 · DL-017 · DL-019","Coincide","—"
"ENTIDAD","E08","Perfil profesional","T-06-04","DV-06.2","PerfilProfesional (perfil_profesional)","perfil_profesional","tabla","identificador, identidad (única) y procedencia. Agrega tipo (SANITARIO, NO_SANITARIO) y nombre visible. No tiene versión efectiva ni historia de versiones.","R063 1:0..1.","Sin versionado. Lo crea un servicio interno; no hay operación pública.","DL-036 · DL-040","Difiere (estructura)","implementación (declarada)"
"ENTIDAD","E09","Especialidad","T-06-09","DV-06.2","VerificacionProfesional (verificacion_profesional) · Habilitacion (habilitacion) · valor NUTRICION o ENTRENAMIENTO del enum Alcance","verificacion_profesional · habilitacion","par identidad–enum","Sin tabla ni identificador propio: la especialidad es el par (identidad, alcance) en las filas de verificación y de habilitación.","R007 1:0..2 se cumple por la unicidad de (identidad, alcance) con dos valores posibles.","Forma: par identidad–enum, no entidad.","DL-036","Difiere (forma)","—"
"ENTIDAD","E10","Capacidad antropométrica","T-06-10","DV-06.2","VerificacionProfesional (verificacion_profesional) · Habilitacion (habilitacion) · valor ANTROPOMETRIA del enum Alcance","verificacion_profesional · habilitacion","par identidad–enum","Igual que Especialidad. Puede existir sin especialidades, como la cuenta demo DEMO-PA (06 §8.10).","R008 1:0..1.","Forma: par identidad–enum, no entidad.","DL-036","Difiere (forma)","—"
"ENTIDAD","E11","Verificación profesional","T-06-11","DV-06.2","VerificacionProfesional (verificacion_profesional) · EventoDeVerificacion (evento_de_verificacion)","verificacion_profesional · evento_de_verificacion","tabla y eventos","identificador, identidad, alcance, estado (PENDIENTE, VERIFICADO, RECHAZADO, SUSPENDIDO), procedencia, ocurrencia y registro. No hay evidencia versionada ni referencia a la presentación. La autoría de cada resolución queda en el evento.","R009 1:0..N: la base guarda una fila por (identidad, alcance) y los ciclos de presentación como eventos. R011: tablas separadas.","Una fila efectiva por alcance en vez de N verificaciones; sin evidencia ni presentaciones; sin operación pública, solo un servicio interno.","DL-036 (abierta)","Difiere (estructura)","implementación (declarada)"
"ENTIDAD","E12","Observación / subsanación","T-06-12","DV-06.2","EventoDeVerificacion (evento_de_verificacion) · tipos ObservacionRegistrada y SubsanacionPresentada","evento_de_verificacion","evento","Cada hecho tiene identificador, verificación (identidad y alcance), motivo (fundamento) y momento. La subsanación se lee del evento de subsanación.","R010 1:0..N como eventos de la verificación, sin clave foránea a su fila.","Forma: es la transición PENDIENTE → PENDIENTE de la máquina, registrada como evento. Sin operación pública.","DL-036","Difiere (forma)","—"
"ENTIDAD","E13","Habilitación","T-06-13","DV-06.2","Habilitacion (habilitacion)","habilitacion","tabla","identificador, par (identidad, alcance) único, estado CONCEDIDA o RETIRADA (enum en lugar del booleano del DER), procedencia, ocurrencia y registro.","R011: separada de la verificación (INV-06-88).","Ninguna estructural.","DL-036","Coincide","—"
"ENTIDAD","E14","Capacidad configurada","T-06-14","DV-06.2 y DV-06.5","CapacidadProfesional (capacidad_profesional)","capacidad_profesional","tabla (cadena)","identidad, modo (LIMITADA o SIN_LIMITE), límite opcional y procedencia, en una cadena versionada con una raíz por identidad.","R012 1:0..1 efectiva (la terminal de la cadena); la historia se conserva. R026: la activación que abre un proceso la consulta.","Ninguna estructural. La configura un servicio interno.","DL-051 · DL-087","Coincide","—"
"ENTIDAD","E15","Alcance profesional","referencia 06","DV-06.2","VerificacionProfesional (verificacion_profesional) · Habilitacion (habilitacion) · par identidad–alcance","verificacion_profesional · habilitacion","par identidad–enum","identidad y clase: el valor del enum Alcance, exactamente uno.","R064 1:0..N (hasta tres por identidad).","Forma: par, sin tabla propia.","DL-036","Difiere (forma)","—"
"ENTIDAD","E16","Solicitud de vínculo","T-06-16","DV-06.3","SolicitudDeVinculo (solicitud_de_vinculo)","solicitud_de_vinculo","tabla","profesional, asesorado, alcance, finalidad, actor iniciador, estado (cinco valores), antecedente, procedencia, ocurrencia y registro. Agrega vencimiento y momento de resolución. El destinatario es siempre una identidad: no hay invitación.","R013 1:0..1. Índice parcial: una sola solicitud pendiente equivalente (REG-06-44).","Sin invitación a personas sin cuenta.","DL-023 · DL-035 · DL-037 · DL-045","Coincide","—"
"ENTIDAD","E17","Vínculo — componente de alcance","T-06-15","DV-06.3","AlcanceDeVinculo (alcance_de_vinculo)","alcance_de_vinculo","tabla","alcance, finalidad, solicitud de origen, estado (ACEPTADO, PAUSADO, FINALIZADO), motivo, procedencia, ocurrencia y registro. La autoría queda en evento_de_vinculo. Cada componente pertenece al agrupador vinculo, único por (profesional, asesorado), que el DER no dibuja.","R013, R014 y R016 coinciden. Índice parcial: un solo componente no FINALIZADO por (vínculo, alcance) (INV-06-58).","El motivo es una lista cerrada, sin texto libre.","DL-033 · DL-034 · DL-044","Coincide","—"
"ENTIDAD","E18","Consentimiento vigente","T-06-17","DV-06.3","Consentimiento (consentimiento) · VersionDeConsentimiento (version_de_consentimiento)","consentimiento · version_de_consentimiento","tabla y cadena de versiones","componente, finalidad, situación (VIGENTE, REVOCADO) y versión. Cada decisión es una versión con el texto y el hash mostrados, alcance, finalidad, actor, autoría, ocurrencia y registro.","R014 1:0..N como trayectoria: un consentimiento por (componente, finalidad) y sus versiones en cadena lineal. R018: insumo del PDP.","Una finalidad por alcance; las categorías van vacías y la versión de la matriz, nula.","DL-038 · DL-039 (simplificación declarada)","Coincide","—"
"ENTIDAD","E19","Revocación","T-06-18","DV-06.3","VersionDeConsentimiento (version_de_consentimiento) · versión con decisión REVOCACION; el hecho ConsentimientoRevocado queda en evento_de_vinculo","version_de_consentimiento","versión de la cadena","identificador (el de la versión), consentimiento, procedencia, ocurrencia y registro.","R015 1:0..1 por otorgamiento: un reotorgamiento habilita otra revocación, como dice la nota de R015.","Forma: es una versión de la cadena del consentimiento, no una tabla propia.","DL-038","Difiere (forma)","—"
"ENTIDAD","E20","Alcance","T-06-45","DV-06.3","enum Alcance (NUTRICION, ENTRENAMIENTO, ANTROPOMETRIA)","","enum","Token. Cada valor es una especialidad o la capacidad antropométrica (REG-06-32). Sin identificador ni referencias opcionales.","R016 0..N:1 · R017: insumo del PDP.","Forma: token, no entidad.","Sin DL","Difiere (forma)","—"
"ENTIDAD","E21","Autorización contextual","T-06-19","DV-06.3","lógica del PDP (PdpService), sin persistencia propia; cada decisión se registra en decision_de_acceso","","lógica","Los siete insumos se evalúan por operación. Cada decisión queda registrada con su resultado y la dimensión desfavorable.","R017 y R018: dependencias evaluadas en cada operación.","Ninguna. El DER no la hace persistente; la implementación agrega el registro de decisiones del 08 §29.","DL-032 · DL-039 · DL-060 · DL-083","Coincide","—"
"ENTIDAD","E22","Versión","T-06-20","DV-06.4","VersionDeConsentimiento (version_de_consentimiento) · CapacidadProfesional (capacidad_profesional) · VersionDeElementoNutricional (version_de_elemento_nutricional) · VersionDeObjetivoNutricional (version_de_objetivo_nutricional) · VersionDePlanNutricional (version_de_plan_nutricional) · VersionDeEspecificacionAntropometrica (version_de_especificacion_antropometrica) · ReferenciaDeCalculo (referencia_de_calculo) · EjecucionDeCalculo (ejecucion_de_calculo) · VersionDeEjercicio (version_de_ejercicio) · VersionDeObjetivoDeEntrenamiento (version_de_objetivo_de_entrenamiento) · VersionDePlanDeEntrenamiento (version_de_plan_de_entrenamiento) · VersionDePlantillaDeFormulario (version_de_plantilla_de_formulario) · doce cadenas por dominio, sin tabla genérica; hay dos más que el DER no dibuja (proxima_revision y version_de_texto)","version_de_consentimiento · capacidad_profesional · version_de_elemento_nutricional · version_de_objetivo_nutricional · version_de_plan_nutricional · version_de_especificacion_antropometrica · referencia_de_calculo · ejecucion_de_calculo · version_de_ejercicio · version_de_objetivo_de_entrenamiento · version_de_plan_de_entrenamiento · version_de_plantilla_de_formulario","patrón por dominio","Todas guardan identificador, objeto versionado, predecesora, contenido y registro; casi todas, autoría y procedencia. No hay un «actor de la operación» separado de la autoría, y varias no guardan la ocurrencia (plan: momento de activación; objetivo: vigente desde; catálogos y especificaciones: solo registro).","R023: predecesora 0..1 y, como la predecesora es única, a lo sumo una sucesora: no hay ramas (REG-06-12). Todas menos ejecucion_de_calculo tienen además un índice de raíz única.","El patrón se instancia por dominio y no todas las cadenas guardan todos los elementos del 06 §4.5.1.","Sin DL (el 06 §4.5.1 no fija el almacenamiento, pero sí los elementos) · DL-071 (no se puede bifurcar una cadena)","Difiere (estructura)","implementación (sin DL)"
"ENTIDAD","E23","Instantánea reproducible","T-06-21","DV-06.4","InstantaneaDePlanNutricional (instantanea_de_plan_nutricional) · InstantaneaDePlanDeEntrenamiento (instantanea_de_plan_de_entrenamiento)","instantanea_de_plan_nutricional · instantanea_de_plan_de_entrenamiento","tablas","una por versión de plan (única), contenido JSON, huella SHA-256 y registro. La autoría, el momento de activación y la procedencia se conservan en la versión, y el actor de la activación, en su evento: los elementos del 06 §4.6.2 están, repartidos.","R019: cada instantánea, exactamente una versión; el área fija una por versión activada (06 §4.6.4).","Forma: solo existe para los planes, que son los que la exigen (06 §4.6.4), y la fila guarda lo emitido mientras el resto queda en la versión y el evento.","Sin DL · la forma JSON la adopta el 07 §15 (CAND-07-A)","Difiere (forma)","—"
"ENTIDAD","E24","Corrección trazable","T-06-22","DV-06.4","CorreccionDeIngesta (correccion_de_ingesta) · CorreccionDeMedicion (correccion_de_medicion) · CorreccionDeEjecucionDeEntrenamiento (correccion_de_ejecucion_de_entrenamiento) · RectificacionDeRespuestaDeFormulario (rectificacion_de_respuesta_de_formulario)","correccion_de_ingesta · correccion_de_medicion · correccion_de_ejecucion_de_entrenamiento · rectificacion_de_respuesta_de_formulario","cuatro tablas por dominio","Las cuatro guardan original, corrección previa (única), contenido, procedencia y registro. Tres guardan motivo (la de ingesta guarda una declaración) y tres guardan autor (la rectificación es siempre del titular). Ninguna guarda la ocurrencia.","R020 1:0..N: cuelgan del hecho original, como admite la nota de R020, en cadena lineal con una raíz. R022: falta la ocurrencia.","Sin ocurrencia, que el 06 §4.7.1 pide. La ingesta prescripta no se puede corregir.","Sin DL para la ocurrencia · DL-050 · DL-071 · DL-076","Difiere (estructura)","implementación (la ocurrencia, sin DL)"
"ENTIDAD","E25","Procedencia","T-06-23","DV-06.4","columna procedencia (JSON) en las tablas de hechos y de versiones, más columnas de actor y autoría","","columna","fuente, caso de uso, operación, superficie y request. El actor y la autoría van en columnas propias (REG-06-17). La fuente externa de lo importado queda en el candidato y en la resolución.","R021: contenido obligatorio de cada versión.","Ninguna estructural.","DL-022 (superficie declarada)","Coincide","—"
"ENTIDAD","E26","Doble temporalidad","T-06-24","DV-06.4","par momento_de_ocurrencia y momento_de_registro","","columnas","Está en identidad, sesiones, actos, eventos, solicitudes de vínculo, consentimientos, procesos, evaluaciones, ingestas, mediciones, anulaciones, ejecuciones de entrenamiento y revisiones. No está en las correcciones; en las versiones de objetivo y de plan, que usan la vigencia o el momento de activación; en las versiones de catálogo y de especificación; en las instantáneas; en las ejecuciones de cálculo; en las solicitudes y respuestas de formulario; ni en las plantillas y los habituales.","R022: falta en las correcciones.","Cobertura parcial: el esquema declara la regla para «toda entidad que registre un hecho» (regla 3 de su cabecera), y no todas la cumplen.","Sin DL","Difiere (estructura)","implementación (sin DL)"
"ENTIDAD","E27","Proceso operativo","T-06-25","DV-06.5","ProcesoOperativo (proceso_operativo)","proceso_operativo","tabla","profesional, asesorado, alcance, estado (ABIERTO, CERRADO), motivo y momento de cierre, versión de apertura (de nutrición o de entrenamiento), procedencia, ocurrencia y registro. La autoría queda en evento_de_proceso.","R024 (ver la tabla de relaciones) y R025 1:0..N. Índice parcial: un solo proceso ABIERTO por (profesional, asesorado, alcance) (INV-06-74).","Ninguna estructural.","DL-051 · DL-053","Coincide","—"
"ENTIDAD","E28","Activación de plan","T-06-26","DV-06.5","VersionDePlanNutricional (version_de_plan_nutricional) · VersionDePlanDeEntrenamiento (version_de_plan_de_entrenamiento) · ProcesoOperativo (proceso_operativo) · transición BORRADOR → ACTIVADA con su instantánea y su evento","version_de_plan_nutricional · version_de_plan_de_entrenamiento · proceso_operativo","transición","La versión, la instantánea y el momento de activación están. El proceso solo queda referenciado en la activación que lo abre.","R024 1:1..N: solo la activación de apertura referencia el proceso; las de continuidad, no. R026: la apertura consulta la capacidad.","No hay entidad propia, y las activaciones de continuidad no quedan ligadas al proceso por una referencia.","DL-047 · DL-051 · DL-052","Difiere (estructura)","—"
"ENTIDAD","E29","ContinuidadOCierreAplicado","T-06-40 en el DER; el evento es de REG-06-75","DV-06.5","EventoDeProceso (evento_de_proceso) · tipo ContinuidadOCierreAplicado; cada aplicación de revisión lo enlaza desde aplicacion_de_revision o aplicacion_de_revision_de_entrenamiento","evento_de_proceso","evento","proceso, revisión de origen, discriminador (CONTINUIDAD o CIERRE_PROCESO), estados anterior y posterior, actor, procedencia, ocurrencia y registro. El resultado semántico se lee de la revisión.","R025 1:0..N.","Ninguna estructural.","DL-052 · DL-053","Coincide","—"
"ENTIDAD","E30","Ciclo cerrado trazable","T-06-40","DV-06.5 y DV-06.9","No implementado: los hechos fuente existen, el ciclo no se calcula","","—","—","R027 y R052 faltan.","Los eventos y las aplicaciones de revisión existen, pero el ciclo no se calcula ni se guarda.","Sin DL · analítica fuera del tramo (WP-CONSOLIDACION.md, resto de WP-10) · docs/QUE-FALTA.md §2","Falta","—"
"ENTIDAD","E31","Objetivo nutricional","T-06-27","DV-06.6","ObjetivoNutricional (objetivo_nutricional) · VersionDeObjetivoNutricional (version_de_objetivo_nutricional)","objetivo_nutricional · version_de_objetivo_nutricional","tabla y cadena de versiones","requerimiento energético y distribución de macronutrientes (JSON), fundamento, versión, autor y procedencia. Agrega evaluación de referencia, vigencia y declaración del método. No referencia el proceso.","R028 1:0..N: el plan referencia la versión de objetivo.","El DER dibuja una referencia al proceso. La implementación sigue REG-06-98, que pide la referencia a la evaluación y no menciona el proceso.","DL-048 · DL-052","Difiere (estructura)","el DER"
"ENTIDAD","E32","Plan nutricional","T-06-28","DV-06.6","PlanNutricional (plan_nutricional) · VersionDePlanNutricional (version_de_plan_nutricional) · InstantaneaDePlanNutricional (instantanea_de_plan_nutricional)","plan_nutricional · version_de_plan_nutricional · instantanea_de_plan_nutricional","tablas","versión de objetivo, versión efectiva e instantánea. Un plan por (profesional, asesorado) y un solo borrador por plan (índice parcial).","R028 y R029.","La evaluación de referencia que pide REG-06-102 se alcanza a través de la versión de objetivo.","DL-046 · DL-047 · DL-057 · DL-108","Coincide","—"
"ENTIDAD","E33","Día tipo","T-06-47","DV-06.6","VersionDePlanNutricional (version_de_plan_nutricional) · nodo dayTypes[] del contenido","version_de_plan_nutricional","JSON","identificador estable, denominación y orden.","R029 1:1..N, exigido al activar (DAY_TYPE_REQUIRED).","Forma: nodo JSON validado por @be/domain, no tabla.","DL-049 · DL-055","Difiere (forma)","—"
"ENTIDAD","E34","Comida","T-06-48","DV-06.6","VersionDePlanNutricional (version_de_plan_nutricional) · nodo meals[] del contenido","version_de_plan_nutricional","JSON","identificador, denominación, orden y modalidad de prescripción.","R030 1:1..N (MEAL_REQUIRED). R034: la ingesta la referencia.","Forma: nodo JSON, no tabla.","DL-049 · DL-055","Difiere (forma)","—"
"ENTIDAD","E35","Opción de comida","T-06-49","DV-06.6","VersionDePlanNutricional (version_de_plan_nutricional) · nodo options[] del contenido","version_de_plan_nutricional","JSON","identificador, denominación y orden.","R031 1:1..N (MEAL_OPTION_REQUIRED).","Forma: nodo JSON, no tabla.","DL-055","Difiere (forma)","—"
"ENTIDAD","E36","Ítem prescripto","T-06-50","DV-06.6 y DV-06.11","VersionDePlanNutricional (version_de_plan_nutricional) · nodo items[] del contenido","version_de_plan_nutricional","JSON","identificador, elemento de catálogo, cantidad con unidad (g, ml o unit), estado de preparación (RAW, COOKED, AS_PURCHASED; obligatorio con cantidad al activar) y nota. El elemento de catálogo es obligatorio porque solo existe la modalidad A, que lo pide (06 §10.17.2.1).","R032 1:1..N (OPTION_ITEM_REQUIRED) · R033 0..N:1 · R060 falta.","Forma: nodo JSON, y la modalidad se declara en la comida, no en el ítem. La referencia al grupo de intercambio no existe porque la modalidad B no está habilitada (el contrato la rechaza con EXCHANGE_MODE_NOT_AVAILABLE); esa ausencia se cuenta en Grupo de intercambio.","Modalidad B fuera en docs/paquetes/WP-04.md §8, sin DL (REG-06-120 permite diferirla)","Difiere (forma)","—"
"ENTIDAD","E37","Elemento de catálogo","T-06-31","DV-06.6 y DV-06.11","ElementoDeCatalogoNutricional (elemento_de_catalogo_nutricional) · VersionDeElementoNutricional (version_de_elemento_nutricional)","elemento_de_catalogo_nutricional · version_de_elemento_nutricional","tabla y cadena de versiones","identificador estable, nombre, composición, disponibilidad y procedencia (sembrado, manual o importado). La composición tiene cuatro valores fijos por 100 g o 100 ml: energía, proteínas, carbohidratos y grasas.","R033 0..N:1 · R062 falta.","No hay atributos nutricionales extendidos (T-06-55).","Sin DL para T-06-55 · fuera en docs/paquetes/WP-04.md §8 (REG-06-124) · DL-097 · DL-099","Difiere (estructura)","implementación (alcance declarado, sin DL)"
"ENTIDAD","E38","Ingesta registrada","T-06-30 en el DER; T-06-54 en el 06","DV-06.6","IngestaNutricional (ingesta_nutricional)","ingesta_nutricional","tabla","versión activada, origen, modo (OPCIONES_DE_PLATO o DESCRIPCION_LIBRE), fecha local y zona, día tipo, comida y opción, ítems consumidos, texto libre conservado, procedencia, ocurrencia y registro. Sin evidencia visual, que es una entidad fuera de alcance.","R034: referencia a la comida cuando corresponde. Índice parcial: una sola prescripta por (versión, fecha, comida).","Ninguna estructural.","DL-049 · DL-050","Coincide","—"
"ENTIDAD","E39","Objetivo de entrenamiento","T-06-27","DV-06.7","ObjetivoDeEntrenamiento (objetivo_de_entrenamiento) · VersionDeObjetivoDeEntrenamiento (version_de_objetivo_de_entrenamiento)","objetivo_de_entrenamiento · version_de_objetivo_de_entrenamiento","tabla y cadena de versiones","objetivo (JSON), fundamento, evaluación de referencia, vigencia, autor y procedencia. No referencia el proceso.","R035 1:0..N.","Igual que en nutrición: el DER dibuja una referencia al proceso y REG-06-98 pide la referencia a la evaluación.","DL-080 · DL-088","Difiere (estructura)","el DER"
"ENTIDAD","E40","Plan de entrenamiento","T-06-28","DV-06.7","PlanDeEntrenamiento (plan_de_entrenamiento) · VersionDePlanDeEntrenamiento (version_de_plan_de_entrenamiento) · InstantaneaDePlanDeEntrenamiento (instantanea_de_plan_de_entrenamiento)","plan_de_entrenamiento · version_de_plan_de_entrenamiento · instantanea_de_plan_de_entrenamiento","tablas","versión de objetivo, versión efectiva e instantánea. Un plan por (profesional, asesorado) y un solo borrador por plan.","R035 y R036.","Ninguna estructural.","DL-046 · DL-047 y DL-088 (por homología) · DL-108","Coincide","—"
"ENTIDAD","E41","Bloque","T-06-57 en el DER; T-06-32 en el 06","DV-06.7","VersionDePlanDeEntrenamiento (version_de_plan_de_entrenamiento) · nodo blocks[] del contenido","version_de_plan_de_entrenamiento","JSON","identificador estable, denominación, propósito en texto libre y orden. Organiza microciclos o sesiones, nunca las dos cosas.","R036: al activar, al menos uno (BLOCK_REQUIRED) · R037 · R065.","Forma: nodo JSON.","DL-088","Difiere (forma)","—"
"ENTIDAD","E42","Microciclo","T-06-57","DV-06.7","VersionDePlanDeEntrenamiento (version_de_plan_de_entrenamiento) · nodo microcycles[] del contenido, opcional","version_de_plan_de_entrenamiento","JSON","identificador, denominación, propósito y orden.","R037 1:0..N · R038.","Forma: nodo JSON.","DL-088","Difiere (forma)","—"
"ENTIDAD","E43","Sesión","T-06-61 en el DER; T-06-32 en el 06","DV-06.7","VersionDePlanDeEntrenamiento (version_de_plan_de_entrenamiento) · nodo sessions[] del contenido","version_de_plan_de_entrenamiento","JSON","identificador, denominación, indicaciones y orden. El contenedor es el bloque o el microciclo.","R038 y R065: al activar, al menos una (SESSION_REQUIRED) · R039.","Forma: nodo JSON.","DL-077 · DL-088","Difiere (forma)","—"
"ENTIDAD","E44","Prescripción de ejercicio","T-06-29 en el DER; T-06-32 en el 06","DV-06.7","VersionDePlanDeEntrenamiento (version_de_plan_de_entrenamiento) · nodo prescriptions[] del contenido","version_de_plan_de_entrenamiento","JSON","identificador, ejercicio y versión de catálogo, series (repeticiones fijas o en rango), intensidad (PERCENT_RM o RIR, con valor y referencia), carga sugerida, parámetros del profesional y nota. El descanso es un parámetro con unidad, no una duración estructurada.","R039: al activar, al menos una por sesión (PRESCRIPTION_REQUIRED) · R040 · R041.","Forma JSON, y el descanso no tiene estructura propia.","DL-080 · DL-088 · DL-105 (el descanso estructurado, PF03-D-2, no se aprobó)","Difiere (estructura)","—"
"ENTIDAD","E45","Ejecución real","T-06-32","DV-06.7","EjecucionDeEntrenamiento (ejecucion_de_entrenamiento) · CorreccionDeEjecucionDeEntrenamiento (correccion_de_ejecucion_de_entrenamiento) · cada ejecución nace de un borrador (borrador_de_ejecucion_de_entrenamiento), que el DER no tiene","ejecucion_de_entrenamiento · correccion_de_ejecucion_de_entrenamiento","tablas","asesorado, versión activada, sesión planificada, fecha local y zona, granularidad (SERIE o EJERCICIO_O_SESION; nula si no se realizó), condición (REALIZADA, REALIZADA_CON_DESVIO, NO_REALIZADA), motivo, procedencia, ocurrencia y registro. Los datos por ejercicio y por serie (prescripción, ejercicio realizado, carga con unidad, repeticiones, RIR) van en el contenido JSON.","R040: una ejecución por ocurrencia (asesorado, versión, sesión, fecha), con dos índices únicos y un disparador para el día del cambio de versión.","El DER cuelga la ejecución de la prescripción y le da tres granularidades. La implementación sigue REG-06-115 (una por ocurrencia de sesión) y REG-06-132 (dos granularidades: por serie, o por ejercicio o sesión).","DL-077 · DL-078 · DL-079 · DL-088 · DL-106","Difiere (estructura)","el DER"
"ENTIDAD","E46","Zona muscular","T-06-67","DV-06.7","No implementada. El contrato reserva muscleZones y lo rechaza si no viene vacío","","—","—","R043 falta.","Sin catálogo de zonas: DEC-047, que nombra quince de las diecisiete, no está en el repositorio.","DL-081 (abierta)","Falta","—"
"ENTIDAD","E47","Relación Ejercicio–Zona","T-06-69","DV-06.7","No implementada","","—","—","R042 falta.","Depende de las zonas.","DL-081 (abierta)","Falta","—"
"ENTIDAD","E48","Catálogo de ejercicios","T-06-31","DV-06.7","EjercicioDeCatalogo (ejercicio_de_catalogo) · VersionDeEjercicio (version_de_ejercicio)","ejercicio_de_catalogo · version_de_ejercicio","tabla y cadena de versiones","identificador estable, nombre, disponibilidad y procedencia (sembrado, manual o importado de wger). Sin recursos didácticos, que en el DER son opcionales y están fuera de alcance.","R041 0..N:1 · R042 falta.","Ninguna estructural.","DL-097 · DL-099","Coincide","—"
"ENTIDAD","E49","Evaluación antropométrica","T-06-33","DV-06.8","EvaluacionAntropometrica (evaluacion_antropometrica)","evaluacion_antropometrica","tabla","asesorado, profesional, estado (EN_PREPARACION, REGISTRADA), contexto, versión para la concurrencia del borrador, procedencia, ocurrencia, registro y momento del acto de registro. El protocolo no está en la evaluación: cada medición guarda el suyo.","R044 1:0..N · R045 1:0..N.","REG-06-151 pide el protocolo identificado también en la evaluación; la implementación lo guarda solo por medición (REG-06-152).","Sin DL para el protocolo · DL-058 · DL-068 · la validación del protocolo al crear sigue pendiente (DL-110)","Difiere (estructura)","implementación (sin DL)"
"ENTIDAD","E50","Medición directa","T-06-33","DV-06.8","MedicionAntropometrica (medicion_antropometrica)","medicion_antropometrica","tabla","evaluación, métrica, valor, unidad de origen, versión de protocolo, origen de captura, clase de dato, referencia de preparación, procedencia, ocurrencia y registro. La condición VIGENTE o ANULADA se deriva de la anulación (06:8670), y el motivo vive en la anulación.","R044 · R047 · R048.","Ninguna estructural.","DL-058 · DL-059 · DL-062","Coincide","—"
"ENTIDAD","E51","Cálculo derivado","T-06-34","DV-06.8","EjecucionDeCalculo (ejecucion_de_calculo) · EntradaDeCalculo (entrada_de_calculo)","ejecucion_de_calculo · entrada_de_calculo","tabla compartida","evaluación, método y versión exacta, entradas efectivas (una fila por medición) y resultado con unidad. No guarda el contexto PREPARACION o REGISTRADA.","R045 · R046 0..N:1 · R048, explícita.","Comparte tabla con la Ejecución de cálculo (T-06-73), y el contexto no se guarda.","DL-061 · DL-111","Difiere (estructura)","—"
"ENTIDAD","E52","Método profesional versionado","T-06-72","DV-06.8 y DV-06.10","EspecificacionAntropometrica (especificacion_antropometrica) · VersionDeEspecificacionAntropometrica (version_de_especificacion_antropometrica)","especificacion_antropometrica · version_de_especificacion_antropometrica","tablas","clave estable, tipo (protocolo o método), versión, nombre, contenido (entradas, unidades, precisión y regla versionada) y procedencia. El estado VIGENTE o HISTÓRICO se deriva: terminal de la cadena y sin fila en retiro_de_especificacion, que el DER no tiene.","R046 · R055 1:0..N.","Comparte tabla con los protocolos; el estado no es una columna; el retiro es una tabla de solo agregar.","DL-061 · DL-072 · DL-110 · DL-111 · DL-112","Difiere (estructura)","—"
"ENTIDAD","E53","Evolución","T-06-35","DV-06.8","calculada al leer (API-ANT-06 y lectura propia del asesorado), sin tabla","","derivada","métrica, serie, huecos SIN_DATO explícitos y comparabilidad por grupo, con el motivo de cada tramo. Incluye los resultados de los métodos.","R047: dependencia.","La comparabilidad va por grupo y motivo, no con los tres tokens del DER, y la respuesta trae un bloque por métrica.","DL-064 · DL-070 · DL-111","Difiere (estructura)","—"
"ENTIDAD","E54","Servicio antropométrico publicado","T-06-36","DV-06.8","No implementado","","—","—","—","RF-051 (P1): publicar y descubrir servicios antropométricos.","RF-051 «Fuera» en docs/paquetes/WP-05.md · WP-CONSOLIDACION.md · DL-035 (no hay descubrimiento)","Falta","—"
"ENTIDAD","E55","Revisión profesional válida","T-06-37","DV-06.9","RevisionNutricional (revision_nutricional) · RevisionDeEntrenamiento (revision_de_entrenamiento)","revision_nutricional · revision_de_entrenamiento","tablas","proceso, período y zona, evidencias (JSON), interpretación, resultado, fundamento, próxima acción, autor, procedencia, ocurrencia y registro.","R049 · R050 · R051 · R054.","Una tabla por dominio (REG-06-07). Antropometría no tiene revisión propia: su evaluación no se convierte en revisión de especialidad (REG-06-151, 06:6221).","DL-052 · DL-054","Coincide","—"
"ENTIDAD","E56","Resultado semántico","T-06-38","DV-06.9","enum ResultadoDeRevision","","enum","seis tokens: MANTENER, AJUSTAR, SUSTITUIR, REPROGRAMAR_REVISION, CAMBIAR_OBJETIVO y FINALIZAR.","R049 0..N:1.","Ninguna.","Sin DL","Coincide","—"
"ENTIDAD","E57","Próxima acción","T-06-39","DV-06.9","RevisionNutricional (revision_nutricional) · RevisionDeEntrenamiento (revision_de_entrenamiento) · columna proxima_accion (JSON) de la revisión","revision_nutricional · revision_de_entrenamiento","JSON","fundamento y contenido. El momento en que se aplica (UC-I06) queda en aplicacion_de_revision, que el DER no tiene.","R050 1:0..1 · R052 falta.","Forma: JSON dentro de la revisión, sin identificador propio.","DL-052 · DL-055","Difiere (forma)","—"
"ENTIDAD","E58","Revisión pendiente","T-06-41","DV-06.9","predicado REG-06-150, calculado desde la expectativa guardada en proxima_revision","","derivada","proceso y derivación. La expectativa se guarda (fecha objetivo, fuente y cadena); el pendiente se calcula.","R051.","Ninguna: es derivada en el DER y en la implementación.","DL-054 · DL-107","Coincide","—"
"ENTIDAD","E59","Proyección","T-06-42","DV-06.9","lecturas sin tabla: dashboard (API-DSH-03), pendientes de la cartera (API-DSH-04) y progreso propio en la APK","","derivada (parcial)","fuentes y ventana de cada lectura; la ausencia de dato se declara (summary: null, SIN_DATO).","R054, parcial.","Faltan la línea temporal, las proyecciones PRJ-01 a 03 y la cola de revisiones.","DL-031 · DL-041 · DL-054 · DL-107 · docs/QUE-FALTA.md §2","Difiere (estructura)","—"
"ENTIDAD","E60","TVCC-30","T-06-44","DV-06.9","No implementado","","—","—","R053 falta.","Analítica no implementada.","Sin DL · fuera del tramo (WP-CONSOLIDACION.md) · docs/QUE-FALTA.md §2","Falta","—"
"ENTIDAD","E61","Ejecución de cálculo","T-06-73","DV-06.10","EjecucionDeCalculo (ejecucion_de_calculo) · EntradaDeCalculo (entrada_de_calculo)","ejecucion_de_calculo · entrada_de_calculo","tablas","método y versión, entradas, resultado con unidad, decimales y redondeo, finalidad, regla versionada, autor, reemplazo y registro. La ocurrencia es la del registro: la corrida la hace BE.","R055 1:0..N · R056 1:0..N.","Ninguna estructural.","DL-061 · DL-111","Coincide","—"
"ENTIDAD","E62","Referencia profesional adoptada","T-06-74","DV-06.10","ReferenciaDeCalculo (referencia_de_calculo)","referencia_de_calculo","tabla (cadena)","asesorado, profesional, finalidad, ejecución adoptada, predecesora, fundamento, ocurrencia y registro.","R056.","Ninguna.","Sin DL","Coincide","—"
"ENTIDAD","E63","Plantilla BE de solicitud","T-06-75","DV-06.10","PlantillaDeFormulario (plantilla_de_formulario) · VersionDePlantillaDeFormulario (version_de_plantilla_de_formulario)","plantilla_de_formulario · version_de_plantilla_de_formulario","tabla y cadena de versiones","clave, versión, nombre, propósito, dominio, contenido (secciones y campos) y procedencia. La vigente es la terminal de la cadena.","R057.","El estado VIGENTE o HISTÓRICA se deriva; no es una columna.","DL-095 · DL-100 · DL-101","Coincide","—"
"ENTIDAD","E64","Solicitud estructurada","T-06-76","DV-06.10","SolicitudDeFormulario (solicitud_de_formulario)","solicitud_de_formulario","tabla","profesional, asesorado, vínculo, versión de plantilla, propósito, alcance, campos solicitados y requeridos, registro. La finalidad es texto libre acotado; el estado PENDIENTE o RESPONDIDA se deriva de la existencia de la respuesta.","R057 · R058.","La finalidad no es un token, y el estado no se guarda.","DL-093 · DL-095","Difiere (estructura)","implementación (declarada)"
"ENTIDAD","E65","Respuesta autoinformada","T-06-77","DV-06.10","RespuestaDeFormulario (respuesta_de_formulario) · RectificacionDeRespuestaDeFormulario (rectificacion_de_respuesta_de_formulario)","respuesta_de_formulario · rectificacion_de_respuesta_de_formulario","tablas","una por solicitud, contenido por campo con procedencia SELF_REPORTED, versión y registro; las rectificaciones van en cadena.","R058: una respuesta original y N rectificaciones.","Ninguna estructural.","DL-095 · DL-101 · DL-102 · DL-104","Coincide","—"
"ENTIDAD","E66","Evaluación en preparación","T-06-78","DV-06.10","EvaluacionAntropometrica (evaluacion_antropometrica) · la misma fila, en estado EN_PREPARACION","evaluacion_antropometrica","estado de la tabla","mismo identificador que la registrada, retomable por el profesional autorizado, con versión para detectar cambios.","—","Ninguna.","DL-058 · DL-063 · DL-066 · DL-068","Coincide","—"
"ENTIDAD","E67","Anulación antropométrica","T-06-79","DV-06.10","AnulacionDeMedicion (anulacion_de_medicion)","anulacion_de_medicion","tabla","medición (única), motivo, autor, procedencia, ocurrencia y registro. La condición anterior no se guarda: siempre es VIGENTE.","Una por medición, terminal.","Ninguna estructural.","DL-058 · DL-059","Coincide","—"
"ENTIDAD","E68","Grupo de intercambio","T-06-51","DV-06.11","No implementado","","—","—","R059 y R060 faltan.","La modalidad B no está habilitada (EXCHANGE_MODE_NOT_AVAILABLE).","Sin DL · fuera en docs/paquetes/WP-04.md §8 (modalidad B; REG-06-120 permite diferirla)","Falta","—"
"ENTIDAD","E69","Nutriente crítico","T-06-52","DV-06.11","No implementado","","—","—","R059 falta.","Depende de la modalidad B.","Sin DL · fuera en docs/paquetes/WP-04.md §8 (modalidad B)","Falta","—"
"ENTIDAD","E70","Atlas de referencia de porciones","T-06-66","DV-06.11","No implementado","","—","—","R061 falta.","Medios fuera de alcance.","Sin DL · fuera en docs/paquetes/WP-04.md §8 (REG-06-133 a 136, P1 o P2)","Falta","—"
"ENTIDAD","E71","Recurso didáctico de catálogo","T-06-64","DV-06.11","No implementado. El contrato reserva didacticResources y lo rechaza si no viene vacío","","—","—","R062 falta.","Medios fuera de alcance.","Sin DL propia · fuera en docs/paquetes/WP-06.md §8 y WP-08.md · docs/QUE-FALTA.md §3 lo agrupa con DL-081","Falta","—"
"ENTIDAD","E72","Evidencia visual de ingesta","T-06-65","DV-06.11","No implementada","","—","—","—","Medios fuera de alcance.","Sin DL · fuera en docs/paquetes/WP-04.md §8 (REG-06-133 a 136) y §4 (visualEvidenceUploadIds, P1 o P2)","Falta","—"
"ENTIDAD","E73","Nota de coordinación autorizada","T-06-43","DV-06.11","No implementada","","—","—","—","API-CRD-01 no se implementó.","Sin DL · fuera del tramo (WP-CONSOLIDACION.md, resto de WP-10) · docs/QUE-FALTA.md §2","Falta","—"
"ENTIDAD","E74","Progresión de entrenamiento","T-06-46","DV-06.11","RevisionDeEntrenamiento (revision_de_entrenamiento) · VersionDePlanDeEntrenamiento (version_de_plan_de_entrenamiento) · revisión AJUSTAR o SUSTITUIR que crea la versión sucesora","revision_de_entrenamiento · version_de_plan_de_entrenamiento","resultado de revisión","próxima acción, resultado (AJUSTAR o SUSTITUIR) y estructura conservada: la sucesora mantiene los identificadores de sesión.","—","Forma: no hay entidad propia; la progresión es el resultado de la revisión (REG-06-117).","DL-052","Difiere (forma)","—"
"ENTIDAD","E75","Catálogo global BE","referencia 06","DV-06.11","ElementoDeCatalogoNutricional (elemento_de_catalogo_nutricional) · EjercicioDeCatalogo (ejercicio_de_catalogo) · tablas de catálogo globales","elemento_de_catalogo_nutricional · ejercicio_de_catalogo","tablas","ámbito global, contenido sembrado o curado, y procedencia por elemento. Lo que carga a mano un profesional convive con su procedencia.","R061 falta (no hay atlas).","Ninguna estructural.","Sin DL","Coincide","—"
"RELACION","R001","Identidad BE → Perfil propio","","DV-06.1","perfil_propio.identidad_id única y disparador diferido identidad_con_perfil_propio","","","","DER 1 : 1 (EXPRESA) · implementación 1:1","","","Coincide","—"
"RELACION","R002","Identidad BE → Método de acceso","","DV-06.1","metodo_de_acceso.identidad_id y unicidad de (tipo, referencia)","","","","DER 1 : 0..N (EXPRESA) · implementación 1:0..N","","","Coincide","—"
"RELACION","R003","Identidad BE → Incidencia administrativa","","DV-06.1","—","","","","DER 1 : 0..N (EXPRESA) · implementación —","No hay incidencias (RF-068, P1)","","Falta","—"
"RELACION","R004","Identidad BE → Novedad interna","","DV-06.1","—","","","","DER — (RETIRADA_NO_SUSTENTADA) · implementación —","Retirada en el DER; la implementación tampoco tiene novedades","","Retirada en el DER","—"
"RELACION","R005","Novedad interna → Notificación push","","DV-06.1","—","","","","DER 1 : 0..N (EXPRESA) · implementación —","No hay novedades ni push","","Falta","—"
"RELACION","R006","Identidad BE → Cierre de cuenta","","DV-06.1","solicitud_de_cierre_de_cuenta.identidad_id única","","","","DER 1 : 0..1 (DERIVACION_JUSTIFICADA) · implementación 1:0..1","","","Coincide","—"
"RELACION","R007","Identidad BE → Especialidad","","DV-06.2","unicidad de (identidad_id, alcance) en verificacion_profesional y habilitacion, con NUTRICION o ENTRENAMIENTO","","","","DER 1 : 0..2 (DERIVACION_JUSTIFICADA) · implementación hasta 2","Par identidad–enum, no entidad (DL-036)","","Difiere (forma)","—"
"RELACION","R008","Identidad BE → Capacidad antropométrica","","DV-06.2","la misma unicidad, con ANTROPOMETRIA","","","","DER 1 : 0..1 (DERIVACION_JUSTIFICADA) · implementación 0..1","Par identidad–enum (DL-036)","","Difiere (forma)","—"
"RELACION","R009","Alcance profesional → Verificación profesional","","DV-06.2","una fila por (identidad_id, alcance); los ciclos de presentación son eventos","","","","DER 1 : 0..N (DERIVACION_JUSTIFICADA) · implementación 1:0..1 fila + N eventos","El DER pide N verificaciones por alcance (DL-036)","","Difiere (estructura)","—"
"RELACION","R010","Verificación profesional → Observación / subsanación","","DV-06.2","evento_de_verificacion con identidad_id y alcance, tipos ObservacionRegistrada y SubsanacionPresentada","","","","DER 1 : 0..N (DERIVACION_JUSTIFICADA) · implementación 1:0..N eventos","Sin clave foránea a la fila de verificación","","Difiere (forma)","—"
"RELACION","R011","Verificación profesional → Habilitación","","DV-06.2","tablas separadas; la verificación no concede la habilitación","","","","DER dependencia, sin cardinalidad (DEPENDENCIA_SIN_CARDINALIDAD) · implementación dependencia","INV-06-88","","Coincide","—"
"RELACION","R012","Identidad BE → Capacidad configurada","","DV-06.2","capacidad_profesional, cadena con una raíz por identidad","","","","DER 1 : 0..1 (DERIVACION_JUSTIFICADA) · implementación 1:0..1 efectiva","La historia se conserva (REG-06-83)","","Coincide","—"
"RELACION","R013","Solicitud de vínculo → Vínculo — componente de alcance","","DV-06.3","alcance_de_vinculo.solicitud_de_origen_id única","","","","DER 1 : 0..1 (DERIVACION_JUSTIFICADA) · implementación 1:0..1","","","Coincide","—"
"RELACION","R014","Vínculo — componente de alcance → Consentimiento vigente","","DV-06.3","consentimiento única por (alcance_de_vinculo_id, finalidad) y version_de_consentimiento en cadena","","","","DER 1 : 0..N (DERIVACION_JUSTIFICADA) · implementación 1:0..N versiones","Una finalidad por alcance (DL-039)","","Coincide","—"
"RELACION","R015","Consentimiento vigente → Revocación","","DV-06.3","version_de_consentimiento con decisión REVOCACION, en la cadena","","","","DER 1 : 0..1 (DERIVACION_JUSTIFICADA) · implementación una por otorgamiento","Versión, no tabla propia (DL-038)","","Difiere (forma)","—"
"RELACION","R016","Vínculo — componente de alcance → Alcance","","DV-06.3","alcance_de_vinculo.alcance (enum); un solo componente no FINALIZADO por (vínculo, alcance)","","","","DER 0..N : 1 (DERIVACION_JUSTIFICADA) · implementación 0..N:1","","","Coincide","—"
"RELACION","R017","Alcance → Autorización contextual","","DV-06.3","el PDP evalúa el alcance en cada operación","","","","DER dependencia, sin cardinalidad (DEPENDENCIA_SIN_CARDINALIDAD) · implementación dependencia","DL-032","","Coincide","—"
"RELACION","R018","Consentimiento vigente → Autorización contextual","","DV-06.3","el PDP evalúa el consentimiento; decision_de_acceso guarda la versión que resolvió","","","","DER dependencia, sin cardinalidad (DEPENDENCIA_SIN_CARDINALIDAD) · implementación dependencia","DL-032","","Coincide","—"
"RELACION","R019","Versión → Instantánea reproducible","","DV-06.4","instantanea_de_plan_*.version_de_plan_id única","","","","DER 1 : sin fijar (DERIVACION_JUSTIFICADA) · implementación 1 versión : 0..1 instantánea","El área fija una por versión activada (06 §4.6.4)","","Coincide","—"
"RELACION","R020","Versión → Corrección trazable","","DV-06.4","las cuatro tablas de corrección cuelgan del hecho original, en cadena con una raíz","","","","DER 1 : 0..N (DERIVACION_JUSTIFICADA) · implementación 1:0..N","La nota de R020 admite raíces que no son Versión","","Coincide","—"
"RELACION","R021","Versión → Procedencia","","DV-06.4","columna procedencia en las tablas de versión","","","","DER dependencia, sin cardinalidad (DEPENDENCIA_SIN_CARDINALIDAD) · implementación dependencia","","","Coincide","—"
"RELACION","R022","Corrección trazable → Doble temporalidad","","DV-06.4","las correcciones guardan solo momento_de_registro","","","","DER dependencia, sin cardinalidad (DEPENDENCIA_SIN_CARDINALIDAD) · implementación —","Falta la ocurrencia","","Difiere (estructura)","—"
"RELACION","R023","Versión → Versión","","DV-06.4","predecesora_id única en todas las cadenas de versiones","","","","DER 0..1 : sin fijar (DERIVACION_JUSTIFICADA) · implementación 0..1 predecesora · 0..1 sucesora","Sin ramas, como pide REG-06-12 si el área no las admite","","Coincide","—"
"RELACION","R024","Proceso operativo → Activación de plan","","DV-06.5","proceso_operativo.version_de_apertura_id y version_de_apertura_entrenamiento_id, únicas","","","","DER 1 : 1..N (DERIVACION_JUSTIFICADA) · implementación 1:1 (solo la apertura)","Las activaciones de continuidad no referencian el proceso","","Difiere (estructura)","—"
"RELACION","R025","Proceso operativo → ContinuidadOCierreAplicado","","DV-06.5","evento_de_proceso.proceso_id, tipo ContinuidadOCierreAplicado","","","","DER 1 : 0..N (DERIVACION_JUSTIFICADA) · implementación 1:0..N","","","Coincide","—"
"RELACION","R026","Activación de plan → Capacidad configurada","","DV-06.5","la activación que abre un proceso consulta la capacidad","","","","DER dependencia, sin cardinalidad (DEPENDENCIA_SIN_CARDINALIDAD) · implementación dependencia","DL-051","","Coincide","—"
"RELACION","R027","ContinuidadOCierreAplicado → Ciclo cerrado trazable","","DV-06.5","—","","","","DER dependencia, sin cardinalidad (DEPENDENCIA_SIN_CARDINALIDAD) · implementación —","El ciclo cerrado no se calcula","","Falta","—"
"RELACION","R028","Objetivo nutricional → Plan nutricional","","DV-06.6","version_de_plan_nutricional.version_de_objetivo_id","","","","DER 1 : 0..N (DERIVACION_JUSTIFICADA) · implementación 1:0..N","","","Coincide","—"
"RELACION","R029","Plan nutricional → Día tipo","","DV-06.6","contenido.dayTypes[]; al activar, al menos uno","","","","DER 1 : 1..N (EXPRESA) · implementación 1:1..N","Composición dentro de la versión (JSON)","","Coincide","—"
"RELACION","R030","Día tipo → Comida","","DV-06.6","dayTypes[].meals[]; al activar, al menos una","","","","DER 1 : 1..N (EXPRESA) · implementación 1:1..N","JSON","","Coincide","—"
"RELACION","R031","Comida → Opción de comida","","DV-06.6","meals[].options[]; al activar, al menos una","","","","DER 1 : 1..N (EXPRESA) · implementación 1:1..N","JSON","","Coincide","—"
"RELACION","R032","Opción de comida → Ítem prescripto","","DV-06.6","options[].items[]; al activar, al menos uno","","","","DER 1 : 1..N (EXPRESA) · implementación 1:1..N","JSON","","Coincide","—"
"RELACION","R033","Ítem prescripto → Elemento de catálogo","","DV-06.6","items[].catalogItemId; la instantánea congela la versión del catálogo","","","","DER 0..N : 1 (DERIVACION_JUSTIFICADA) · implementación 0..N:1","","","Coincide","—"
"RELACION","R034","Ingesta registrada → Comida","","DV-06.6","ingesta_nutricional.comida_id, opcion_id y dia_tipo_id (nulos en la ingesta libre)","","","","DER dependencia, sin cardinalidad (DEPENDENCIA_SIN_CARDINALIDAD) · implementación dependencia","DL-049","","Coincide","—"
"RELACION","R035","Objetivo de entrenamiento → Plan de entrenamiento","","DV-06.7","version_de_plan_de_entrenamiento.version_de_objetivo_id","","","","DER 1 : 0..N (DERIVACION_JUSTIFICADA) · implementación 1:0..N","","","Coincide","—"
"RELACION","R036","Plan de entrenamiento → Bloque","","DV-06.7","contenido.blocks[]; al activar, al menos uno","","","","DER 1 : sin fijar (DERIVACION_JUSTIFICADA) · implementación 1:1..N al activar","El DER y el 06 no fijan mínimo; lo fija la implementación (B10-06:571-577, DL-088)","","Difiere (estructura)","—"
"RELACION","R037","Bloque → Microciclo","","DV-06.7","blocks[].microcycles[], opcional","","","","DER 1 : 0..N (EXPRESA) · implementación 1:0..N","","","Coincide","—"
"RELACION","R038","Microciclo → Sesión","","DV-06.7","microcycles[].sessions[]; al activar, al menos una","","","","DER 1 : sin fijar (DERIVACION_JUSTIFICADA) · implementación 1:1..N al activar","Mínimo fijado por la implementación (DL-088)","","Difiere (estructura)","—"
"RELACION","R039","Sesión → Prescripción de ejercicio","","DV-06.7","sessions[].prescriptions[]; al activar, al menos una","","","","DER 1 : sin fijar (DERIVACION_JUSTIFICADA) · implementación 1:1..N al activar","Mínimo fijado por la implementación (DL-088)","","Difiere (estructura)","—"
"RELACION","R040","Prescripción de ejercicio → Ejecución real","","DV-06.7","una ejecución por ocurrencia (asesorado, versión, sesión, fecha); la prescripción se referencia dentro del contenido","","","","DER dependencia, sin cardinalidad (DEPENDENCIA_SIN_CARDINALIDAD) · implementación dependencia","Como la nota de R040 (REG-06-115; DL-077)","","Coincide","—"
"RELACION","R041","Prescripción de ejercicio → Catálogo de ejercicios","","DV-06.7","prescriptions[].exerciseId y exerciseVersionId","","","","DER 0..N : 1 (DERIVACION_JUSTIFICADA) · implementación 0..N:1","","","Coincide","—"
"RELACION","R042","Catálogo de ejercicios → Relación Ejercicio–Zona","","DV-06.7","—","","","","DER 1 : 0..N (EXPRESA) · implementación —","No hay zonas (DL-081)","","Falta","—"
"RELACION","R043","Relación Ejercicio–Zona → Zona muscular","","DV-06.7","—","","","","DER 0..N : 1 (DERIVACION_JUSTIFICADA) · implementación —","No hay zonas (DL-081)","","Falta","—"
"RELACION","R044","Evaluación antropométrica → Medición directa","","DV-06.8","medicion_antropometrica.evaluacion_id","","","","DER 1 : 0..N (DERIVACION_JUSTIFICADA) · implementación 1:0..N","","","Coincide","—"
"RELACION","R045","Evaluación antropométrica → Cálculo derivado","","DV-06.8","ejecucion_de_calculo.evaluacion_id","","","","DER 1 : 0..N (DERIVACION_JUSTIFICADA) · implementación 1:0..N","","","Coincide","—"
"RELACION","R046","Cálculo derivado → Método profesional versionado","","DV-06.8","ejecucion_de_calculo.metodo_version_id","","","","DER 0..N : 1 (DERIVACION_JUSTIFICADA) · implementación 0..N:1","","","Coincide","—"
"RELACION","R047","Medición directa → Evolución","","DV-06.8","la evolución se calcula al leer","","","","DER dependencia, sin cardinalidad (DEPENDENCIA_SIN_CARDINALIDAD) · implementación dependencia","","","Coincide","—"
"RELACION","R048","Medición directa → Cálculo derivado","","DV-06.8","entrada_de_calculo (ejecución, medición), una fila por entrada","","","","DER dependencia, sin cardinalidad (DEPENDENCIA_SIN_CARDINALIDAD) · implementación dependencia explícita","REG-06-159","","Coincide","—"
"RELACION","R049","Revisión profesional válida → Resultado semántico","","DV-06.9","columna resultado (enum ResultadoDeRevision)","","","","DER 0..N : 1 (DERIVACION_JUSTIFICADA) · implementación 0..N:1","","","Coincide","—"
"RELACION","R050","Revisión profesional válida → Próxima acción","","DV-06.9","columna proxima_accion (JSON) de la revisión","","","","DER 1 : 0..1 (DERIVACION_JUSTIFICADA) · implementación 1:0..1","JSON","","Coincide","—"
"RELACION","R051","Revisión profesional válida → Revisión pendiente","","DV-06.9","proxima_revision y el predicado REG-06-150","","","","DER dependencia, sin cardinalidad (DEPENDENCIA_SIN_CARDINALIDAD) · implementación dependencia","","","Coincide","—"
"RELACION","R052","Próxima acción → Ciclo cerrado trazable","","DV-06.9","—","","","","DER dependencia, sin cardinalidad (DEPENDENCIA_SIN_CARDINALIDAD) · implementación —","El ciclo cerrado no se calcula","","Falta","—"
"RELACION","R053","Ciclo cerrado trazable → TVCC-30","","DV-06.9","—","","","","DER dependencia, sin cardinalidad (DEPENDENCIA_SIN_CARDINALIDAD) · implementación —","No hay TVCC-30","","Falta","—"
"RELACION","R054","Revisión profesional válida → Proyección","","DV-06.9","el dashboard y los pendientes leen las revisiones","","","","DER dependencia, sin cardinalidad (DEPENDENCIA_SIN_CARDINALIDAD) · implementación dependencia, parcial","Sin línea temporal ni PRJ","","Difiere (estructura)","—"
"RELACION","R055","Método profesional versionado → Ejecución de cálculo","","DV-06.10","ejecucion_de_calculo.metodo_version_id","","","","DER 1 : 0..N (DERIVACION_JUSTIFICADA) · implementación 1:0..N","","","Coincide","—"
"RELACION","R056","Ejecución de cálculo → Referencia profesional adoptada","","DV-06.10","referencia_de_calculo.ejecucion_id","","","","DER 1 : 0..N (DERIVACION_JUSTIFICADA) · implementación 1:0..N","","","Coincide","—"
"RELACION","R057","Plantilla BE de solicitud → Solicitud estructurada","","DV-06.10","solicitud_de_formulario.template_version_id","","","","DER 1 : 0..N (DERIVACION_JUSTIFICADA) · implementación 1:0..N","","","Coincide","—"
"RELACION","R058","Solicitud estructurada → Respuesta autoinformada","","DV-06.10","respuesta_de_formulario.solicitud_id única y rectificaciones en cadena","","","","DER 1 : 0..N (DERIVACION_JUSTIFICADA) · implementación 1:0..1 respuesta + N rectificaciones","Como la nota de R058","","Coincide","—"
"RELACION","R059","Grupo de intercambio → Nutriente crítico","","DV-06.11","—","","","","DER dependencia, sin cardinalidad (DEPENDENCIA_SIN_CARDINALIDAD) · implementación —","Sin modalidad B","","Falta","—"
"RELACION","R060","Ítem prescripto → Grupo de intercambio","","DV-06.11","—","","","","DER 0..N : 1 (DERIVACION_JUSTIFICADA) · implementación —","Sin modalidad B (EXCHANGE_MODE_NOT_AVAILABLE)","","Falta","—"
"RELACION","R061","Atlas de referencia de porciones → Catálogo global BE","","DV-06.11","—","","","","DER dependencia, sin cardinalidad (DEPENDENCIA_SIN_CARDINALIDAD) · implementación —","No hay atlas","","Falta","—"
"RELACION","R062","Recurso didáctico de catálogo → Elemento de catálogo","","DV-06.11","—","","","","DER 0..N : 1 (DERIVACION_JUSTIFICADA) · implementación —","No hay recursos didácticos","","Falta","—"
"RELACION","R063","Identidad BE → Perfil profesional","","DV-06.2","perfil_profesional.identidad_id única","","","","DER 1 : 0..1 (EXPRESA) · implementación 1:0..1","","","Coincide","—"
"RELACION","R064","Identidad BE → Alcance profesional","","DV-06.2","pares (identidad_id, alcance)","","","","DER 1 : 0..N (DERIVACION_JUSTIFICADA) · implementación 1:0..N (hasta 3)","Sin tabla propia (DL-036)","","Coincide","—"
"RELACION","R065","Bloque → Sesión","","DV-06.7","blocks[].sessions[] como alternativa a los microciclos; al activar, al menos una","","","","DER 1 : sin fijar (DERIVACION_JUSTIFICADA) · implementación 1:1..N al activar","Las dos formas a la vez son TRAINING_PLAN_STRUCTURE_INVALID; mínimo fijado por la implementación (DL-088)","","Difiere (estructura)","—"
"SOLO_IMPLEMENTACION","PlantillaDePlanDeEntrenamiento","—","","","PlantillaDePlanDeEntrenamiento","plantilla_de_plan_de_entrenamiento","tabla","Plantillas de plan propias del profesional, sin asesorado, con versiones inmutables y estado ACTIVA o ARCHIVADA.","","No está en el DER (Herramientas del profesional)","DL-108 (decidida, implementada en #121)","Solo en la implementación","—"
"SOLO_IMPLEMENTACION","VersionDePlantillaDePlanDeEntrenamiento","—","","","VersionDePlantillaDePlanDeEntrenamiento","version_de_plantilla_de_plan_de_entrenamiento","tabla","Plantillas de plan propias del profesional, sin asesorado, con versiones inmutables y estado ACTIVA o ARCHIVADA.","","No está en el DER (Herramientas del profesional)","DL-108 (decidida, implementada en #121)","Solo en la implementación","—"
"SOLO_IMPLEMENTACION","PlantillaDePlanNutricional","—","","","PlantillaDePlanNutricional","plantilla_de_plan_nutricional","tabla","Plantillas de plan propias del profesional, sin asesorado, con versiones inmutables y estado ACTIVA o ARCHIVADA.","","No está en el DER (Herramientas del profesional)","DL-108 (decidida, implementada en #121)","Solo en la implementación","—"
"SOLO_IMPLEMENTACION","VersionDePlantillaDePlanNutricional","—","","","VersionDePlantillaDePlanNutricional","version_de_plantilla_de_plan_nutricional","tabla","Plantillas de plan propias del profesional, sin asesorado, con versiones inmutables y estado ACTIVA o ARCHIVADA.","","No está en el DER (Herramientas del profesional)","DL-108 (decidida, implementada en #121)","Solo en la implementación","—"
"SOLO_IMPLEMENTACION","EjercicioHabitual","—","","","EjercicioHabitual","ejercicio_habitual","tabla","«Mis habituales»: elementos y bloques que el profesional repite. Filas mutables, sin disparadores de solo agregar; la historia queda en los eventos.","","No está en el DER (Herramientas del profesional)","DL-109 (decidida, implementada en #122)","Solo en la implementación","—"
"SOLO_IMPLEMENTACION","SesionHabitual","—","","","SesionHabitual","sesion_habitual","tabla","«Mis habituales»: elementos y bloques que el profesional repite. Filas mutables, sin disparadores de solo agregar; la historia queda en los eventos.","","No está en el DER (Herramientas del profesional)","DL-109 (decidida, implementada en #122)","Solo en la implementación","—"
"SOLO_IMPLEMENTACION","AlimentoHabitual","—","","","AlimentoHabitual","alimento_habitual","tabla","«Mis habituales»: elementos y bloques que el profesional repite. Filas mutables, sin disparadores de solo agregar; la historia queda en los eventos.","","No está en el DER (Herramientas del profesional)","DL-109 (decidida, implementada en #122)","Solo en la implementación","—"
"SOLO_IMPLEMENTACION","ComidaHabitual","—","","","ComidaHabitual","comida_habitual","tabla","«Mis habituales»: elementos y bloques que el profesional repite. Filas mutables, sin disparadores de solo agregar; la historia queda en los eventos.","","No está en el DER (Herramientas del profesional)","DL-109 (decidida, implementada en #122)","Solo en la implementación","—"
"SOLO_IMPLEMENTACION","RetiroDeEspecificacion","—","","","RetiroDeEspecificacion","retiro_de_especificacion","tabla","Retiro de un método del catálogo, de solo agregar, con motivo y momento. Lo retirado deja de ofrecerse y sigue en la historia.","","No está en el DER (Catálogo antropométrico)","DL-112 (la purga, decidida; la lista, a ratificar)","Solo en la implementación","—"
"SOLO_IMPLEMENTACION","CandidatoDeImportacion","—","","","CandidatoDeImportacion","candidato_de_importacion","tabla","Lo recibido de Open Food Facts o de wger (contenido, huella SHA-256, licencia, vencimiento a 7 días) y la decisión del profesional. El DER solo nombra «Importación controlada» dentro de T-06-31.","","No está en el DER (Importación controlada)","DL-086 · DL-062 · DL-097 · DL-098 · DL-099","Solo en la implementación","—"
"SOLO_IMPLEMENTACION","ResolucionDeCandidato","—","","","ResolucionDeCandidato","resolucion_de_candidato","tabla","Lo recibido de Open Food Facts o de wger (contenido, huella SHA-256, licencia, vencimiento a 7 días) y la decisión del profesional. El DER solo nombra «Importación controlada» dentro de T-06-31.","","No está en el DER (Importación controlada)","DL-086 · DL-062 · DL-097 · DL-098 · DL-099","Solo en la implementación","—"
"SOLO_IMPLEMENTACION","EvaluacionNutricional","—","","","EvaluacionNutricional","evaluacion_nutricional","tabla","Evaluación vertical identificable (REG-06-97), que el objetivo referencia (REG-06-98). No tiene término T-06 propio, y por eso el DER no la dibuja.","","No está en el DER (Evaluaciones de las verticales)","DL-048 · DL-080 · DL-088","Solo en la implementación","—"
"SOLO_IMPLEMENTACION","EvaluacionDeEntrenamiento","—","","","EvaluacionDeEntrenamiento","evaluacion_de_entrenamiento","tabla","Evaluación vertical identificable (REG-06-97), que el objetivo referencia (REG-06-98). No tiene término T-06 propio, y por eso el DER no la dibuja.","","No está en el DER (Evaluaciones de las verticales)","DL-048 · DL-080 · DL-088","Solo en la implementación","—"
"SOLO_IMPLEMENTACION","CitaDeRespuestaEnEvaluacionDeEntrenamiento","—","","","CitaDeRespuestaEnEvaluacionDeEntrenamiento","cita_de_respuesta_en_evaluacion_de_entrenamiento","tabla","Respuesta de formulario citada como evidencia de una evaluación de entrenamiento, con la versión vigente al citar.","","No está en el DER (Evaluaciones de las verticales)","DL-102","Solo en la implementación","—"
"SOLO_IMPLEMENTACION","BorradorDeEjecucionDeEntrenamiento","—","","","BorradorDeEjecucionDeEntrenamiento","borrador_de_ejecucion_de_entrenamiento","tabla","Borrador por ocurrencia, colección propia en el 09 v0.10. Al confirmarse queda congelado y da lugar a la ejecución.","","No está en el DER (Ejecución de entrenamiento)","DL-077 · DL-078 · DL-088","Solo en la implementación","—"
"SOLO_IMPLEMENTACION","ProximaRevision","—","","","ProximaRevision","proxima_revision","tabla","Expectativa de revisión en cadena (REG-06-145 y 146). De ella se calcula la revisión pendiente.","","No está en el DER (Ciclo de revisión)","DL-054 · DL-107","Solo en la implementación","—"
"SOLO_IMPLEMENTACION","AplicacionDeRevision","—","","","AplicacionDeRevision","aplicacion_de_revision","tabla","La aplicación de una revisión (UC-I06), ligada al evento ContinuidadOCierreAplicado (REG-06-75 y 77).","","No está en el DER (Ciclo de revisión)","DL-052","Solo en la implementación","—"
"SOLO_IMPLEMENTACION","AplicacionDeRevisionDeEntrenamiento","—","","","AplicacionDeRevisionDeEntrenamiento","aplicacion_de_revision_de_entrenamiento","tabla","La aplicación de una revisión (UC-I06), ligada al evento ContinuidadOCierreAplicado (REG-06-75 y 77).","","No está en el DER (Ciclo de revisión)","DL-052","Solo en la implementación","—"
"SOLO_IMPLEMENTACION","Vinculo","—","","","Vinculo","vinculo","tabla","Agrupador por (profesional, asesorado) de los componentes por alcance. Está en el 06 («Vínculo agrupa 1..N componentes de Alcance», 06:3091), pero el DER dibuja solo el componente.","","No está en el DER (Vínculo)","DL-034","Solo en la implementación","—"
"SOLO_IMPLEMENTACION","CredencialLocal","—","","","CredencialLocal","credencial_local","tabla","Hash de la contraseña del método local; se suprime al cerrar la cuenta.","","No está en el DER (Acceso, sesión y textos)","DL-013 · DL-019 · 08 §24.2","Solo en la implementación","—"
"SOLO_IMPLEMENTACION","Sesion","—","","","Sesion","sesion","tabla","Sesión revocable del lado del servidor y versión de control por cuenta.","","No está en el DER (Acceso, sesión y textos)","DL-012 · 08 §26 · 07 §43-bis","Solo en la implementación","—"
"SOLO_IMPLEMENTACION","ControlDeSesion","—","","","ControlDeSesion","control_de_sesion","tabla","Sesión revocable del lado del servidor y versión de control por cuenta.","","No está en el DER (Acceso, sesión y textos)","DL-012 · 08 §26 · 07 §43-bis","Solo en la implementación","—"
"SOLO_IMPLEMENTACION","VersionDeTexto","—","","","VersionDeTexto","version_de_texto","tabla","Catálogo de textos mostrados (A1, A2, A3, B2 y consecuencias del cierre) y actos A1, A2 y A3 con su evidencia. El 06 no modela A1 ni A2.","","No está en el DER (Acceso, sesión y textos)","DL-021 · DL-028 · DL-038","Solo en la implementación","—"
"SOLO_IMPLEMENTACION","ActoRegistrable","—","","","ActoRegistrable","acto_registrable","tabla","Catálogo de textos mostrados (A1, A2, A3, B2 y consecuencias del cierre) y actos A1, A2 y A3 con su evidencia. El 06 no modela A1 ni A2.","","No está en el DER (Acceso, sesión y textos)","DL-021 · DL-028 · DL-038","Solo en la implementación","—"
"SOLO_IMPLEMENTACION","DecisionDeAcceso","—","","","DecisionDeAcceso","decision_de_acceso","tabla","Cada decisión del PDP, permitida o denegada, con la dimensión desfavorable.","","No está en el DER (Registros transversales)","DL-032 · DL-039 · 08 §29","Solo en la implementación","—"
"SOLO_IMPLEMENTACION","RegistroDeAuditoria","—","","","RegistroDeAuditoria","registro_de_auditoria","tabla","Auditoría probatoria, registro de supresiones y claves de idempotencia.","","No está en el DER (Registros transversales)","08 §29 · DL-019 (supresiones) · DL-026 (idempotencia)","Solo en la implementación","—"
"SOLO_IMPLEMENTACION","RegistroDeSupresion","—","","","RegistroDeSupresion","registro_de_supresion","tabla","Auditoría probatoria, registro de supresiones y claves de idempotencia.","","No está en el DER (Registros transversales)","08 §29 · DL-019 (supresiones) · DL-026 (idempotencia)","Solo en la implementación","—"
"SOLO_IMPLEMENTACION","RegistroDeIdempotencia","—","","","RegistroDeIdempotencia","registro_de_idempotencia","tabla","Auditoría probatoria, registro de supresiones y claves de idempotencia.","","No está en el DER (Registros transversales)","08 §29 · DL-019 (supresiones) · DL-026 (idempotencia)","Solo en la implementación","—"
"SOLO_IMPLEMENTACION","EventoDeDominio","—","","","EventoDeDominio","evento_de_dominio","tabla","Hechos de dominio de solo agregar, con secuencia total. Instancian el constructo T-06-N08 del metamodelo, que el DER no dibuja como entidad. Además, evento_de_verificacion y evento_de_proceso implementan cajas del DER (Observación y ContinuidadOCierreAplicado).","","No está en el DER (Registros de hechos por área)","DL-033 (nombres derivados) · DL-054 · docs/paquetes/WP-07.md (D-B)","Solo en la implementación","—"
"SOLO_IMPLEMENTACION","EventoDeVinculo","—","","","EventoDeVinculo","evento_de_vinculo","tabla","Hechos de dominio de solo agregar, con secuencia total. Instancian el constructo T-06-N08 del metamodelo, que el DER no dibuja como entidad. Además, evento_de_verificacion y evento_de_proceso implementan cajas del DER (Observación y ContinuidadOCierreAplicado).","","No está en el DER (Registros de hechos por área)","DL-033 (nombres derivados) · DL-054 · docs/paquetes/WP-07.md (D-B)","Solo en la implementación","—"
"SOLO_IMPLEMENTACION","EventoDeNutricion","—","","","EventoDeNutricion","evento_de_nutricion","tabla","Hechos de dominio de solo agregar, con secuencia total. Instancian el constructo T-06-N08 del metamodelo, que el DER no dibuja como entidad. Además, evento_de_verificacion y evento_de_proceso implementan cajas del DER (Observación y ContinuidadOCierreAplicado).","","No está en el DER (Registros de hechos por área)","DL-033 (nombres derivados) · DL-054 · docs/paquetes/WP-07.md (D-B)","Solo en la implementación","—"
"SOLO_IMPLEMENTACION","EventoDeAntropometria","—","","","EventoDeAntropometria","evento_de_antropometria","tabla","Hechos de dominio de solo agregar, con secuencia total. Instancian el constructo T-06-N08 del metamodelo, que el DER no dibuja como entidad. Además, evento_de_verificacion y evento_de_proceso implementan cajas del DER (Observación y ContinuidadOCierreAplicado).","","No está en el DER (Registros de hechos por área)","DL-033 (nombres derivados) · DL-054 · docs/paquetes/WP-07.md (D-B)","Solo en la implementación","—"
"SOLO_IMPLEMENTACION","EventoDeEntrenamiento","—","","","EventoDeEntrenamiento","evento_de_entrenamiento","tabla","Hechos de dominio de solo agregar, con secuencia total. Instancian el constructo T-06-N08 del metamodelo, que el DER no dibuja como entidad. Además, evento_de_verificacion y evento_de_proceso implementan cajas del DER (Observación y ContinuidadOCierreAplicado).","","No está en el DER (Registros de hechos por área)","DL-033 (nombres derivados) · DL-054 · docs/paquetes/WP-07.md (D-B)","Solo en la implementación","—"
"SOLO_IMPLEMENTACION","EventoDeFormulario","—","","","EventoDeFormulario","evento_de_formulario","tabla","Hechos de dominio de solo agregar, con secuencia total. Instancian el constructo T-06-N08 del metamodelo, que el DER no dibuja como entidad. Además, evento_de_verificacion y evento_de_proceso implementan cajas del DER (Observación y ContinuidadOCierreAplicado).","","No está en el DER (Registros de hechos por área)","DL-033 (nombres derivados) · DL-054 · docs/paquetes/WP-07.md (D-B)","Solo en la implementación","—"
