numero,rama,titulo,primer_commit_utc,primer_commit_art,creado_utc,integrado_utc,integrado_art,commit_merge,forma,commits_en_pr
1,wp-01,WP-01 — publicación limpia: legajo sin el PDF de la escuela y Node 22 en be-web,2026-09-18T05:39:08Z,2026-09-18 02:39,2026-09-18T16:31:59Z,2026-09-18T16:34:29Z,2026-09-18 13:34,960d1d2,merge,2
2,wp-01,WP-01 — CORS con el website nuevo (be-web-1ngj),2026-09-18T17:22:49Z,2026-09-18 14:22,2026-09-18T17:22:57Z,2026-09-18T17:25:21Z,2026-09-18 14:25,eaf785c,merge,1
3,wp-01,"WP-01 — cierre final: verificación, DL-008 y defensa",2026-09-18T17:32:52Z,2026-09-18 14:32,2026-09-18T17:33:00Z,2026-09-18T17:35:22Z,2026-09-18 14:35,fd3ed53,merge,1
4,wp-01,WP-01 — publicación: APK final y repositorio público,2026-09-18T18:00:37Z,2026-09-18 15:00,2026-09-18T18:00:46Z,2026-09-18T18:02:34Z,2026-09-18 15:02,e090253,merge,1
5,wp-01,ACTA-DIR-034 v1.0 firmada — gate de implementación (cierra DL-001),2026-09-18T21:48:06Z,2026-09-18 18:48,2026-09-18T21:48:17Z,2026-09-18T21:50:12Z,2026-09-18 18:50,74eb8d3,merge,1
6,wp-02,WP-02 — Identidad y sesiones,2026-09-18T23:05:09Z,2026-09-18 20:05,2026-09-18T23:05:33Z,2026-09-19T01:12:46Z,2026-09-18 22:12,8256951,merge,4
7,wp-02-config,WP-02 — configuración sin código: JWT_SECRET y build del website,2026-09-19T00:36:22Z,2026-09-18 21:36,2026-09-19T00:36:47Z,2026-09-19T00:38:50Z,2026-09-18 21:38,4c7b651,merge,1
8,wp-02-cupo-por-identificador,WP-02 — cupo de login por identificador (DL-030: el rewrite oculta la IP),2026-09-19T01:23:14Z,2026-09-18 22:23,2026-09-19T01:23:22Z,2026-09-19T01:25:36Z,2026-09-18 22:25,c09bfa0,merge,1
9,ensayo-rollback-cambio,Ensayo de rollback — cambio inocuo a revertir,2026-09-19T01:25:54Z,2026-09-18 22:25,2026-09-19T01:26:01Z,2026-09-19T01:29:14Z,2026-09-18 22:29,4776fc5,merge,1
10,ensayo-rollback-revert,Ensayo de rollback — git revert -m 1 del merge inocuo,2026-09-19T01:32:25Z,2026-09-18 22:32,2026-09-19T01:32:33Z,2026-09-19T01:34:23Z,2026-09-18 22:34,23c9997,merge,1
11,wp-02-cierre,"WP-02 — cierre: evidencia, defensa, MESA-01 y ensayo de rollback (parte 1)",2026-09-19T01:39:03Z,2026-09-18 22:39,2026-09-19T01:39:20Z,2026-09-19T01:41:11Z,2026-09-18 22:41,c94a320,merge,1
12,dl-030-config,DL-030 (B) — configuración: CSP y URL de la API para el website,2026-09-19T02:49:03Z,2026-09-18 23:49,2026-09-19T02:49:14Z,2026-09-19T04:12:27Z,2026-09-19 01:12,b6077f9,merge,1
13,dl-030-codigo,"DL-030 (B) — el website llama a la API directo, con CORS",2026-09-19T02:57:41Z,2026-09-18 23:57,2026-09-19T02:58:24Z,2026-09-19T04:14:26Z,2026-09-19 01:14,9b1aeb1,merge,2
14,wp-02-cierre-final,"WP-02 — cierre final: APK en Android, ensayo de rollback completo, DL-030 verificada y rewrite retirado de render.yaml",2026-09-19T04:15:32Z,2026-09-19 01:15,2026-09-19T04:22:16Z,2026-09-19T04:24:31Z,2026-09-19 01:24,c32b103,merge,2
15,dl-030-verificacion-negativa,DL-030 — verificación negativa: el rewrite /api/* ya no llega a la API,2026-09-19T04:41:46Z,2026-09-19 01:41,2026-09-19T04:41:55Z,2026-09-19T04:43:53Z,2026-09-19 01:43,24e3aab,merge,1
16,wp-01-capturas-telefono,WP-01 — capturas del teléfono de Dirección y protección de main activa,2026-09-19T08:35:01Z,2026-09-19 05:35,2026-09-19T08:35:10Z,2026-09-19T08:37:42Z,2026-09-19 05:37,ba49e62,merge,1
17,wp-03,WP-03 — apertura: definición del paquete por IDs y deudas DL-031 a DL-042,2026-09-19T09:52:21Z,2026-09-19 06:52,2026-09-19T09:52:29Z,2026-09-19T09:55:57Z,2026-09-19 06:55,47b8ae8,merge,1
18,wp-03-config,WP-03 — configuración: cuentas profesionales demo por identidad (sin código),2026-09-19T12:31:25Z,2026-09-19 09:31,2026-09-19T12:31:46Z,2026-09-19T12:35:08Z,2026-09-19 09:35,45c7b0c,merge,1
19,wp-03-codigo,"WP-03 — vínculo, consentimiento y PDP: código, pantallas web y APK, y correcciones de las revisiones adversariales",2026-09-19T10:49:58Z,2026-09-19 07:49,2026-09-19T12:34:38Z,2026-09-19T12:46:49Z,2026-09-19 09:46,08cdd08,merge,5
20,wp-03-despliegue,WP-03 — despliegue: API 0.3.0 y apk.yml sin EXPO_TOKEN no bloquea el deploy,2026-09-19T13:01:25Z,2026-09-19 10:01,2026-09-19T13:01:34Z,2026-09-19T13:04:21Z,2026-09-19 10:04,6410487,merge,1
21,wp-03-evidencia,"WP-03 — evidencia en test, DEFENSA, MESA-01 y DL-018 cerrada",2026-09-19T13:24:10Z,2026-09-19 10:24,2026-09-19T13:24:35Z,2026-09-19T13:41:42Z,2026-09-19 10:41,1ab5fb4,merge,3
22,wp-03-cierre,WP-03 — cierre: decisiones de Dirección sobre las DL y capturas del APK,2026-09-19T16:03:30Z,2026-09-19 13:03,2026-09-19T16:03:52Z,2026-09-19T16:06:52Z,2026-09-19 13:06,5e4bb87,merge,1
23,wp-04-definicion,WP-04 — definición del paquete: circuito nutricional,2026-09-19T17:32:18Z,2026-09-19 14:32,2026-09-19T17:32:26Z,2026-09-19T17:51:06Z,2026-09-19 14:51,b8d07a1,merge,2
24,wp-04,WP-04 — circuito nutricional,2026-09-19T17:53:35Z,2026-09-19 14:53,2026-09-19T18:52:13Z,2026-09-19T19:23:51Z,2026-09-19 16:23,13d577d,merge,6
25,wp-04-cierre,WP-04 — el contraste lee cada registro contra su versión y adversariales en vivo,2026-09-19T19:33:08Z,2026-09-19 16:33,2026-09-19T19:33:19Z,2026-09-19T19:36:54Z,2026-09-19 16:36,6e8efc4,merge,1
26,wp-04-evidencia,"WP-04 — evidencia, guía de demo y defensa",2026-09-19T19:45:18Z,2026-09-19 16:45,2026-09-19T19:45:27Z,2026-09-19T20:09:47Z,2026-09-19 17:09,c7f77e4,merge,5
27,wp-04-estilo-revision,WP-04 — alinear las opciones de resultado de la revisión,2026-09-19T19:50:40Z,2026-09-19 16:50,2026-09-19T19:50:51Z,2026-09-19T19:55:52Z,2026-09-19 16:55,bc8cb0b,merge,1
28,wp-04-apk,WP-04 — capturas del APK 0.4.0 en un Android real,2026-09-20T02:18:49Z,2026-09-19 23:18,2026-09-20T02:19:26Z,2026-09-20T02:24:06Z,2026-09-19 23:24,c69fc0a,merge,2
29,wp-05-definicion,WP-05 — definición del paquete de antropometría,2026-09-20T02:54:14Z,2026-09-19 23:54,2026-09-20T02:54:42Z,2026-09-20T02:59:35Z,2026-09-19 23:59,f8d6eb6,merge,2
30,wp-05-ejecutor,"WP-05 — ejecutor compartido, bloque B-10 y la base con sus garantías",2026-09-20T03:10:58Z,2026-09-20 00:10,2026-09-20T03:15:49Z,2026-09-20T03:32:27Z,2026-09-20 00:32,7b06100,merge,3
31,wp-05-contratos,WP-05 — contratos HTTP de la familia ANT,2026-09-20T03:35:34Z,2026-09-20 00:35,2026-09-20T03:35:53Z,2026-09-20T13:24:27Z,2026-09-20 10:24,ab6dc21,merge,1
32,wp-05-api,"WP-05 — las operaciones ANT: borrador, anulación y evolución",2026-09-20T13:25:38Z,2026-09-20 10:25,2026-09-20T13:53:26Z,2026-09-20T13:57:29Z,2026-09-20 10:57,99c181c,merge,2
33,wp-05-copy-openapi,"WP-05 — copy, OpenAPI, cliente y la pestaña de Antropometría",2026-09-20T14:18:12Z,2026-09-20 11:18,2026-09-20T14:30:17Z,2026-09-20T14:49:44Z,2026-09-20 11:49,9830347,merge,3
34,wp-05-apk-evolucion,WP-05 — «Mi evolución» en el APK,2026-09-20T14:32:59Z,2026-09-20 11:32,2026-09-20T14:50:27Z,2026-09-20T15:38:30Z,2026-09-20 12:38,3b7ae7e,merge,2
35,wp-05-cuentas-demo-antropometria,WP-05 — la capacidad antropométrica en las cuentas demo (solo configuración),2026-09-20T14:51:38Z,2026-09-20 11:51,2026-09-20T14:51:44Z,2026-09-20T15:33:47Z,2026-09-20 12:33,69c4a4e,merge,1
36,wp-05-metodos-y-calculos,WP-05 — métodos versionados y cálculo profesional reproducible,2026-09-20T15:33:05Z,2026-09-20 12:33,2026-09-20T15:33:28Z,2026-09-20T15:52:52Z,2026-09-20 12:52,c11b849,merge,6
37,wp-05-evidencia,WP-05 — 0.5.0 y los adversariales en vivo,2026-09-20T15:59:52Z,2026-09-20 12:59,2026-09-20T16:00:13Z,2026-09-20T16:11:28Z,2026-09-20 13:11,921063a,merge,1
38,wp-05-correcciones-auditoria,WP-05 — las fallas que encontró la auditoría del paquete,2026-09-20T16:57:36Z,2026-09-20 13:57,2026-09-20T16:57:42Z,2026-09-20T17:02:39Z,2026-09-20 14:02,75ef856,merge,2
39,wp-05-evidencia-guia,WP-05 — guía de demo y verificación del ambiente,2026-09-20T17:04:02Z,2026-09-20 14:04,2026-09-20T17:04:08Z,2026-09-20T20:57:09Z,2026-09-20 17:57,c030a3d,merge,1
40,wp-05-rutas-del-09,WP-05 — la familia ANT en las rutas y la forma que declara el 09,2026-09-20T20:56:21Z,2026-09-20 17:56,2026-09-20T20:56:48Z,2026-09-20T21:04:39Z,2026-09-20 18:04,d2f2ed3,merge,2
41,wp-05-apk-0-5-1,WP-05 — 0.5.1 para el contrato nuevo de la evolución,2026-09-20T21:06:04Z,2026-09-20 18:06,2026-09-20T21:06:11Z,2026-09-20T21:10:29Z,2026-09-20 18:10,0193a3d,merge,1
42,wp-05-borrador-en-su-coleccion,WP-05 — el borrador se lee en su propia colección,2026-09-20T21:24:06Z,2026-09-20 18:24,2026-09-20T21:24:13Z,2026-09-20T21:28:27Z,2026-09-20 18:28,02c252f,merge,1
43,wp-05-cierre-evidencia-y-defensa,"WP-05 — evidencia, defensa, nota de MESA-01 y la dirección de UI",2026-09-20T22:20:33Z,2026-09-20 19:20,2026-09-20T22:21:01Z,2026-09-20T22:44:26Z,2026-09-20 19:44,4e5503f,merge,4
44,wp-05-capturas-tras-el-arreglo,WP-05 — la evidencia rehecha sobre el commit que corrige el cálculo,2026-09-20T22:46:28Z,2026-09-20 19:46,2026-09-20T22:56:50Z,2026-09-20T23:02:07Z,2026-09-20 20:02,d9392c8,merge,4
45,wp-05-capturas-apk,"WP-05 — capturas del APK 0.5.1, tomadas por Dirección",2026-09-21T00:50:33Z,2026-09-20 21:50,2026-09-21T00:50:57Z,2026-09-21T01:08:54Z,2026-09-20 22:08,3fbeba4,merge,1
46,wp-05-decisiones-dl,"WP-05 — las trece deudas del paquete, decididas",2026-09-21T01:10:07Z,2026-09-20 22:10,2026-09-21T01:16:14Z,2026-09-21T01:21:32Z,2026-09-20 22:21,77e9ca2,merge,2
47,wp-05-dl065-oraculos,"WP-05 — DL-065 y DL-072, las dos deudas con trabajo pendiente",2026-09-21T01:38:21Z,2026-09-20 22:38,2026-09-21T01:38:44Z,2026-09-21T01:42:48Z,2026-09-20 22:42,3b9f50c,merge,1
48,wp-06-definicion,WP-06 — definición del paquete de entrenamiento,2026-09-21T02:07:18Z,2026-09-20 23:07,2026-09-21T02:07:47Z,2026-09-21T02:11:22Z,2026-09-20 23:11,fccfc35,merge,1
49,wp-06-dominio-y-base,"WP-06 — dominio B-08 y base del circuito de entrenamiento, con el Proceso transversal",2026-09-21T02:20:05Z,2026-09-20 23:20,2026-09-21T14:54:21Z,2026-09-21T15:10:53Z,2026-09-21 12:10,7aa245f,merge,4
50,wp-06-contratos,WP-06 — el contrato de entrenamiento: 26 operaciones mapeadas ruta por ruta,2026-09-21T15:21:54Z,2026-09-21 12:21,2026-09-21T15:22:13Z,2026-09-21T15:34:26Z,2026-09-21 12:34,bd62f0e,merge,2
51,wp-06-evaluacion-y-catalogo,"WP-06 — evaluación, objetivo y catálogo de entrenamiento por la API (tramo 1)",2026-09-21T15:57:37Z,2026-09-21 12:57,2026-09-21T15:57:56Z,2026-09-21T16:12:01Z,2026-09-21 13:12,da9dd68,merge,1
52,wp-06-planes,"WP-06 — el plan de entrenamiento: borrador, validación y activación (tramo 2)",2026-09-21T16:14:02Z,2026-09-21 13:14,2026-09-21T16:14:18Z,2026-09-21T16:24:48Z,2026-09-21 13:24,e7a8d10,merge,1
53,wp-06-ejecucion,"WP-06 — la ejecución y la revisión por la API: las 26 operaciones, y E2E-05",2026-09-21T17:23:48Z,2026-09-21 14:23,2026-09-21T17:24:12Z,2026-09-21T17:30:18Z,2026-09-21 14:30,6b87bf3,merge,1
54,wp-06-pantallas,WP-06 — las pantallas de entrenamiento: el website del profesional y la APK del asesorado,2026-09-21T17:25:50Z,2026-09-21 14:25,2026-09-21T17:31:03Z,2026-09-21T17:58:16Z,2026-09-21 14:58,bb290f0,merge,4
55,wp-06-cierre,WP-06 — cierre: lo que encontró la auditoría del paquete contra el legajo,2026-09-21T17:58:54Z,2026-09-21 14:58,2026-09-21T18:41:08Z,2026-09-21T18:46:39Z,2026-09-21 15:46,c50fdd9,merge,4
56,wp-06-evidencia,"WP-06 — evidencia, defensa y nota de MESA: el circuito de entrenamiento, cerrado",2026-09-21T19:17:30Z,2026-09-21 16:17,2026-09-21T19:17:51Z,2026-09-21T19:22:52Z,2026-09-21 16:22,d34d920,merge,1
57,web-favicon-be,web — el favicon del isotipo de BE,2026-09-21T23:44:43Z,2026-09-21 20:44,2026-09-21T23:45:02Z,2026-09-22T00:15:18Z,2026-09-21 21:15,8b7c036,merge,2
58,wp-07-definicion,WP-07 — definición del paquete de información profesional pertinente (RF-071),2026-09-22T00:28:33Z,2026-09-21 21:28,2026-09-22T00:29:25Z,2026-09-22T00:35:30Z,2026-09-21 21:35,8a026dd,merge,1
59,wp-07-contrato-dominio,WP-07 — contrato de dominio y OpenAPI de formularios (API-FRM-01 a 08),2026-09-22T00:55:31Z,2026-09-21 21:55,2026-09-22T00:55:53Z,2026-09-22T01:35:36Z,2026-09-21 22:35,5f52760,merge,2
60,wp-07-prisma,WP-07 — esquema y migración de Prisma para formularios (CAP-DAT),2026-09-22T01:52:14Z,2026-09-21 22:52,2026-09-22T01:52:35Z,2026-09-22T01:57:41Z,2026-09-21 22:57,5716956,merge,1
61,wp-07-servicio-api,WP-07 — servicio de API de formularios (API-FRM-01 a 08),2026-09-22T02:27:21Z,2026-09-21 23:27,2026-09-22T02:27:43Z,2026-09-22T02:32:14Z,2026-09-21 23:32,4ad6a6a,merge,1
62,wp-07-pantallas,"WP-07 — cliente HTTP y pantallas de formularios, con los siete oráculos",2026-09-22T21:25:44Z,2026-09-22 18:25,2026-09-22T21:26:06Z,2026-09-22T21:31:37Z,2026-09-22 18:31,af5e40a,merge,1
63,wp-07-cierre,"WP-07 — cierre: defensa, evidencia del website y nota de MESA",2026-09-22T21:46:37Z,2026-09-22 18:46,2026-09-22T21:47:05Z,2026-09-22T21:52:18Z,2026-09-22 18:52,56c0c4d,merge,1
64,wp-07-evidencia-ci,WP-07 — resultados de la CI sobre el commit de cierre,2026-09-22T22:19:58Z,2026-09-22 19:19,2026-09-22T22:20:23Z,2026-09-22T22:25:28Z,2026-09-22 19:25,e0e0cc9,merge,1
65,wp-07-apk,WP-07 — APK 0.7.0 y verificación de URLs,2026-09-22T22:43:50Z,2026-09-22 19:43,2026-09-22T22:44:20Z,2026-09-22T22:49:38Z,2026-09-22 19:49,4cb32ab,merge,1
66,consolidacion/definicion,Consolidación — definición del tramo y formato de números,2026-09-23T01:48:02Z,2026-09-22 22:48,2026-09-23T01:48:11Z,2026-09-23T20:08:34Z,2026-09-23 17:08,373b8cd,merge,1
67,consolidacion/tramo-b-dl089,Consolidación B — DL-089: historia propia del asesorado en entrenamiento,2026-09-23T20:33:32Z,2026-09-23 17:33,2026-09-23T20:33:43Z,2026-09-24T02:39:23Z,2026-09-23 23:39,3434357,merge,1
68,consolidacion/tramo-a-web,Consolidación A — DL-091 en el website: nutrición y antropometría,2026-09-24T02:35:40Z,2026-09-23 23:35,2026-09-24T02:35:50Z,2026-09-24T03:40:29Z,2026-09-24 00:40,c371abe,merge,4
69,consolidacion/tramo-a-apk,Consolidación A — DL-091 en la APK: nutrición y antropometría,2026-09-24T02:36:02Z,2026-09-23 23:36,2026-09-24T02:36:23Z,2026-09-24T03:46:59Z,2026-09-24 00:46,f5ef413,merge,6
70,consolidacion/tramo-c-dashboard,Consolidación C — DL-031: contenido factual del dashboard,2026-09-24T02:38:52Z,2026-09-23 23:38,2026-09-24T02:39:02Z,2026-09-24T02:52:56Z,2026-09-23 23:52,d00adeb,merge,2
71,consolidacion/cierre,"Consolidación — cierre: deudas, defensa, MESA y versión 0.8.0",2026-09-24T04:08:44Z,2026-09-24 01:08,2026-09-24T04:08:59Z,2026-09-24T04:14:28Z,2026-09-24 01:14,416fb14,merge,1
72,wp-08/integraciones,"WP-08 — Integraciones P0: Open Food Facts y wger (RF-028, RF-038)",2026-09-24T04:20:22Z,2026-09-24 01:20,2026-09-24T04:47:03Z,2026-09-25T20:08:06Z,2026-09-25 17:08,e83245d,merge,11
73,identidad/definicion,Identidad visual y accesibilidad — definición del tramo,2026-09-24T05:29:36Z,2026-09-24 02:29,2026-09-24T05:30:02Z,2026-09-24T06:34:12Z,2026-09-24 03:34,f94f002,merge,1
74,identidad/sistema-visual,"Identidad visual — tokens verificados, cara pública, espacio profesional y APK oscura",2026-09-24T06:36:53Z,2026-09-24 03:36,2026-09-24T06:37:19Z,2026-09-24T07:03:25Z,2026-09-24 04:03,faff816,merge,2
75,identidad/figura-antropometrica,"Identidad visual — figura antropométrica, auditoría de accesibilidad y versión 0.9.0",2026-09-24T07:04:51Z,2026-09-24 04:04,2026-09-24T07:17:23Z,2026-09-24T07:22:48Z,2026-09-24 04:22,fd08380,merge,2
76,identidad/ajustes-de-la-toma,"Identidad visual — la toma, al cambiar de protocolo con mediciones ya cargadas",2026-09-24T08:07:07Z,2026-09-24 05:07,2026-09-24T08:07:30Z,2026-09-24T08:12:54Z,2026-09-24 05:12,15d7781,merge,1
77,identidad/hora-de-guardado,Antropometría — «Guardado por última vez» dice la hora real del guardado,2026-09-24T08:25:46Z,2026-09-24 05:25,2026-09-24T08:26:02Z,2026-09-24T08:31:23Z,2026-09-24 05:31,796a5fe,merge,1
78,entrega/cierre,"Cierre de la entrega — evidencia, guía de demo, capturas y despliegue al día",2026-09-24T08:50:25Z,2026-09-24 05:50,2026-09-24T08:50:45Z,2026-09-24T09:01:14Z,2026-09-24 06:01,432ce80,merge,2
79,antropometria/registrar-guarda-antes,Antropometría — «Registrar evaluación» guarda antes de registrar,2026-09-24T19:10:23Z,2026-09-24 16:10,2026-09-24T19:10:42Z,2026-09-24T22:51:43Z,2026-09-24 19:51,3306eed,merge,1
80,dashboard/resumen-vigente,"Dashboard — el resumen muestra lo vigente, no lo congelado al activar",2026-09-24T19:29:45Z,2026-09-24 16:29,2026-09-24T19:30:04Z,2026-09-24T22:57:05Z,2026-09-24 19:57,1de5642,merge,2
81,evidencia/guia-de-capturas,Evidencia — guía paso a paso de las capturas de la APK que faltan,2026-09-24T23:00:50Z,2026-09-24 20:00,2026-09-24T23:01:15Z,2026-09-25T00:22:23Z,2026-09-24 21:22,19f3f3a,merge,1
82,arreglo/formularios-si-o-no,"Formularios — en la APK, Sí/No se elige; no se escribe (0.9.1)",2026-09-25T02:45:18Z,2026-09-24 23:45,2026-09-25T02:45:42Z,2026-09-25T02:51:04Z,2026-09-24 23:51,0698868,merge,1
83,evidencia/capturas-apk-0.9.1,Evidencia — capturas del APK 0.9.1 del recorrido del asesorado,2026-09-25T17:20:46Z,2026-09-25 14:20,2026-09-25T17:21:08Z,2026-09-25T17:34:29Z,2026-09-25 14:34,38090d7,merge,1
84,publicacion/wp-08-docs-0.10.0,Publicación WP-08 — referencias vigentes a la APK 0.10.0,2026-09-25T20:19:09Z,2026-09-25 17:19,2026-09-25T20:19:16Z,2026-09-25T20:25:19Z,2026-09-25 17:25,70ce321,merge,1
85,correccion/wp-08-recuperacion,WP-08 — corregir la afirmación de recuperación segura ante rollback,2026-09-25T20:59:07Z,2026-09-25 17:59,2026-09-25T20:59:14Z,2026-09-25T21:05:42Z,2026-09-25 18:05,b0a7bb2,merge,1
86,historial/tu-historial-entrenamiento,Tu historial de entrenamiento — el asesorado ve su historia desde la APK (DL-096),2026-09-25T22:13:02Z,2026-09-25 19:13,2026-09-25T22:13:42Z,2026-09-26T03:02:05Z,2026-09-26 00:02,696717e,merge,2
87,release/0.11.0,Release 0.11.0 — «Tu historial de entrenamiento» (DL-096),2026-09-26T03:57:57Z,2026-09-26 00:57,2026-09-26T03:58:09Z,2026-09-26T04:04:25Z,2026-09-26 01:04,eb31269,merge,1
88,entrega/historial-0.11.0,Publicación 0.11.0 — «Tu historial»: referencias vigentes y evidencia,2026-09-26T04:19:25Z,2026-09-26 01:19,2026-09-26T04:19:37Z,2026-09-26T04:27:34Z,2026-09-26 01:27,e03111b,merge,2
89,fix/historial-navegacion-fecha,Tu historial — volver desde el detalle y fecha civil de la lista (DL-096),2026-09-26T19:44:23Z,2026-09-26 16:44,2026-09-26T19:44:56Z,2026-09-26T20:37:14Z,2026-09-26 17:37,23786dd,merge,3
90,release/0.11.1,Release 0.11.1 — correcciones de «Tu historial» (DL-096),2026-09-26T20:42:04Z,2026-09-26 17:42,2026-09-26T20:42:14Z,2026-09-26T20:47:16Z,2026-09-26 17:47,44bea3a,merge,1
91,evidencia/publicacion-0.11.1,Evidencia — publicación parcial de la 0.11.1 (APK bloqueada por cuota de EAS),2026-09-26T20:53:32Z,2026-09-26 17:53,2026-09-26T20:53:41Z,2026-09-26T20:58:29Z,2026-09-26 17:58,caa9df4,merge,1
92,config/excluir-credenciales-firma,Config — excluir de Git las credenciales de firma de Android,2026-09-26T22:19:17Z,2026-09-26 19:19,2026-09-26T22:19:50Z,2026-09-26T22:25:31Z,2026-09-26 19:25,c56b5be,merge,1
93,evidencia/apk-0.11.1,Publicación 0.11.1 — APK construida localmente con la firma existente,2026-09-26T23:38:33Z,2026-09-26 20:38,2026-09-26T23:38:40Z,2026-09-26T23:44:18Z,2026-09-26 20:44,5e071ee,merge,1
94,fix/historial-periodo-zona,"Tu historial — el período se calcula en la zona de la API, no en UTC (DL-096)",2026-09-27T00:14:03Z,2026-09-26 21:14,2026-09-27T00:14:09Z,2026-09-27T00:28:24Z,2026-09-26 21:28,0c9e5c0,merge,1
95,release/0.11.2,Release 0.11.2 — APK con el período del historial en Buenos Aires (DL-096),2026-09-27T00:30:53Z,2026-09-26 21:30,2026-09-27T00:30:59Z,2026-09-27T00:36:37Z,2026-09-26 21:36,46fd1fa,merge,1
96,evidencia/apk-0.11.2,Publicación 0.11.2 — evidencia y referencias vigentes de la APK,2026-09-27T01:15:17Z,2026-09-26 22:15,2026-09-27T01:15:23Z,2026-09-27T01:21:02Z,2026-09-26 22:21,656a382,merge,1
97,fix/teclado-android-edge-to-edge,APK 0.11.3 — el teclado deja de tapar los campos de abajo en Android (edge-to-edge),2026-09-27T19:34:49Z,2026-09-27 16:34,2026-09-27T19:34:57Z,2026-09-27T22:06:08Z,2026-09-27 19:06,13280e6,merge,2
98,propuestas/plan-funcional-pf01-02,Propuestas — Plan Funcional Profesional y ficha de PF-01/PF-02 (contexto de entrenamiento),2026-09-27T22:15:20Z,2026-09-27 19:15,2026-09-27T22:15:34Z,2026-09-27T23:11:33Z,2026-09-27 20:11,c7fd777,merge,4
99,evidencia/apk-0.11.3,Publicación 0.11.3 — evidencia y referencias vigentes de la APK,2026-09-27T22:59:05Z,2026-09-27 19:59,2026-09-27T22:59:11Z,2026-09-27T23:05:20Z,2026-09-27 20:05,ea3a003,merge,1
100,pf02/plantilla-de-entrenamiento,"PF-02 (1/3) — plantilla «Antecedentes para entrenamiento» y límites NUMBER (DL-100, DL-101)",2026-09-27T23:39:32Z,2026-09-27 20:39,2026-09-27T23:39:39Z,2026-09-28T00:43:41Z,2026-09-27 21:43,ea3e1ec,merge,2
101,pf02/citas-en-evaluacion,"PF-02 (2/3) — la evaluación cita respuestas de formulario, verificadas en el servidor (DL-102)",2026-09-28T00:00:03Z,2026-09-27 21:00,2026-09-28T00:00:10Z,2026-09-28T04:12:27Z,2026-09-28 01:12,ff2001e,merge,5
102,pf02/website-contexto,PF-02 (3/3) — website: «Solicitar contexto» desde la evaluación y citar respuestas,2026-09-28T00:14:46Z,2026-09-27 21:14,2026-09-28T00:14:53Z,2026-09-28T12:19:05Z,2026-09-28 09:19,c76f8dd,merge,6
103,cierre/dl-096-validacion,DL-096 cerrada — validación en dispositivo de «Tu historial» con la APK 0.11.3,2026-09-28T01:18:27Z,2026-09-27 22:18,2026-09-28T01:19:59Z,2026-09-28T01:28:44Z,2026-09-27 22:28,95258ae,merge,1
104,dl-104/errores-por-campo,DL-104 (opción A) — el rechazo de un formulario dice qué campo corregir y qué valores admite,2026-09-28T07:06:13Z,2026-09-28 04:06,2026-09-28T07:07:18Z,2026-09-28T12:36:16Z,2026-09-28 09:36,db9fcda,merge,2
105,pf03-04/especificacion,PF-03 y PF-04 — fichas especificadas para decisión de Dirección (sin implementar),2026-09-28T07:29:26Z,2026-09-28 04:29,2026-09-28T07:29:59Z,2026-09-28T12:51:04Z,2026-09-28 09:51,418e58b,merge,3
106,pf03/inc1-dominio-y-web,"PF-03 (inc. 1, PR-1) — lo planificado, visible y comparable: presentación compartida y website (DL-105)",2026-09-28T13:13:32Z,2026-09-28 10:13,2026-09-28T13:14:03Z,2026-09-28T18:50:49Z,2026-09-28 15:50,05eba13,merge,4
107,pf03/inc1-apk,"PF-03 (inc. 1, PR-2) — la APK muestra lo planificado completo y lo usa como referencia al registrar (DL-105)",2026-09-28T13:21:16Z,2026-09-28 10:21,2026-09-28T13:21:49Z,2026-09-28T18:57:36Z,2026-09-28 15:57,2cf5091,merge,6
108,apk/version-0.12.0,APK 0.12.0 (versionCode 17) — versión de la publicación conjunta de PF-03 y DL-104,2026-09-28T18:58:00Z,2026-09-28 15:58,2026-09-28T18:58:11Z,2026-09-28T19:04:41Z,2026-09-28 16:04,33b533d,merge,1
109,evidencia/publicacion-0.12.0,"APK 0.12.0 publicada — evidencia, referencias y recorrido de validación",2026-09-28T19:43:29Z,2026-09-28 16:43,2026-09-28T19:43:37Z,2026-09-28T19:49:38Z,2026-09-28 16:49,065689b,merge,1
110,fix/series-pendientes,"Series pendientes por número real de serie, no por cantidad de registros",2026-09-29T04:41:26Z,2026-09-29 01:41,2026-09-29T04:41:49Z,2026-09-29T21:09:49Z,2026-09-29 18:09,a4cdba5,merge,2
111,fix/plantilla-alcance,FRM-03: la plantilla tiene que corresponder al Alcance de la Solicitud,2026-09-29T04:54:09Z,2026-09-29 01:54,2026-09-29T04:54:34Z,2026-09-29T20:57:11Z,2026-09-29 17:57,28147d2,merge,3
112,test/concurrencia-citas,PF-02 · DL-102: prueba de concurrencia real entre citas y rectificación,2026-09-29T05:01:50Z,2026-09-29 02:01,2026-09-29T05:02:00Z,2026-09-29T20:50:47Z,2026-09-29 17:50,8c799bf,merge,1
113,fix/formularios-recuperacion,Formularios: recuperación ante errores al responder y corregir,2026-09-29T05:17:18Z,2026-09-29 02:17,2026-09-29T05:18:05Z,2026-09-29T23:40:04Z,2026-09-29 20:40,53cc70e,merge,4
114,docs/revisiones-del-asesorado,Propuesta REV-A: el asesorado lee sus propias revisiones (sin implementar),2026-09-29T05:18:40Z,2026-09-29 02:18,2026-09-29T05:18:50Z,2026-10-01T01:15:46Z,2026-09-30 22:15,e23cb7a,merge,4
115,feat/comparacion-planificado-registrado,"Entrenamiento: planificado y registrado, serie por serie y en la evolución de un ejercicio (website)",2026-09-29T12:35:01Z,2026-09-29 09:35,2026-09-29T12:36:14Z,2026-09-29T21:02:50Z,2026-09-29 18:02,7e1a36d,merge,5
116,feat/evolucion-antropometrica-visual,"Antropometría: evolución visual con puntos en el tiempo, detalle, origen y tabla equivalente",2026-09-30T03:50:38Z,2026-09-30 00:50,2026-09-30T03:51:03Z,2026-10-01T01:14:35Z,2026-09-30 22:14,754faa7,merge,4
117,fix/aviso-de-desplazamiento,Entrenamiento: el aviso de desplazamiento cuenta los grupos que quedan fuera de la vista,2026-09-30T04:03:46Z,2026-09-30 01:03,2026-09-30T04:04:09Z,2026-10-01T01:13:43Z,2026-09-30 22:13,ba0f0a3,merge,4
118,feat/apariencia-configurable,"Website: apariencia configurable, «Azul noche» predeterminada y «Claro» como alternativa",2026-09-30T04:27:18Z,2026-09-30 01:27,2026-09-30T04:27:50Z,2026-10-01T01:15:28Z,2026-09-30 22:15,ce642ae,merge,5
119,docs/critica-y-plantillas,"Propuestas: crítica de negocio, plantillas del profesional y guion de validación de la tanda",2026-09-30T15:30:12Z,2026-09-30 12:30,2026-09-30T15:30:46Z,2026-10-01T01:16:37Z,2026-09-30 22:16,29c3d38,merge,7
120,feat/cartera-profesional,"Cartera del profesional: «Pendientes» con hechos fechados (API-DSH-04, PF-07, DL-107)",2026-09-30T16:20:02Z,2026-09-30 13:20,2026-09-30T16:39:39Z,2026-10-01T01:17:07Z,2026-09-30 22:17,8013ed0,merge,6
121,feat/plantillas-de-entrenamiento,"Plantillas del profesional (PF-09, DL-108): plantillas de plan de entrenamiento y de comidas, API y website",2026-09-30T17:17:10Z,2026-09-30 14:17,2026-09-30T17:17:19Z,2026-10-01T01:17:47Z,2026-09-30 22:17,d2405ce,merge,7
122,feat/mis-habituales,"«Mis habituales» del profesional (DL-109): ejercicios, alimentos, sesiones y comidas habituales, API y website",2026-09-30T20:34:02Z,2026-09-30 17:34,2026-09-30T20:34:24Z,2026-10-01T01:18:17Z,2026-09-30 22:18,76f2a10,merge,7
123,fix/formularios-texto-acotado,Formularios: texto de respuesta acotado y tipo desconocido rechazado; APK 0.12.1,2026-09-30T23:18:04Z,2026-09-30 20:18,2026-09-30T23:18:35Z,2026-10-01T00:56:08Z,2026-09-30 21:56,3271c8d,merge,1
124,feat/apk-temas,APK: temas «Azul noche» y «Claro» con selector en Cuenta (0.12.1),2026-10-01T00:43:13Z,2026-09-30 21:43,2026-10-01T00:43:47Z,2026-10-01T00:57:18Z,2026-09-30 21:57,fec9450,merge,1
125,docs/publicacion-0.12.1,Publicación de la APK 0.12.1: evidencia y APK vigente en DESPLIEGUE,2026-10-01T01:34:54Z,2026-09-30 22:34,2026-10-01T01:35:14Z,2026-10-01T01:42:18Z,2026-09-30 22:42,2c872d4,merge,1
126,feat/antropometria-lamina,"Antropometría: catálogo de BE con 40 fórmulas, lámina del compositor y figura con resultados en la APK 0.12.2 (DL-111)",2026-10-01T03:59:44Z,2026-10-01 00:59,2026-10-01T05:38:50Z,2026-10-01T05:46:46Z,2026-10-01 02:46,0308355,merge,21
127,docs/publicacion-0.12.2,Publicación de la APK 0.12.2: evidencia y APK vigente en DESPLIEGUE,2026-10-01T06:12:18Z,2026-10-01 03:12,2026-10-01T06:12:25Z,2026-10-01T06:19:13Z,2026-10-01 03:19,5041fa3,merge,1
128,feat/ux-ui-1,Purga del catálogo (DL-112) y UX/UI del website y la APK 0.13.0 (DL-113),2026-10-01T23:32:28Z,2026-10-01 20:32,2026-10-02T00:34:37Z,2026-10-02T00:51:50Z,2026-10-01 21:51,0c02326,squash,12
129,publicacion-0.13.0,"Publicación de la APK 0.13.0: registro, APK vigente e inventario de lo que falta",2026-10-02T01:25:22Z,2026-10-01 22:25,2026-10-02T01:25:41Z,2026-10-02T01:33:15Z,2026-10-01 22:33,d1ddd69,squash,1
