id,grupo,tramo,tipo,etiqueta,fase,inicio,fin,hora,actas,prs,commits,releases,citas,fuente_figura,fuente,estado,nota
"D00","Especificación","HISTORIA","sin_fecha","Legajo 00–12 y cierre original de G0 a G3","Elaboración del legajo 00–12 hasta el 2026-09-05 y cierre original de los gates G0 a G3 (00 §8; 02 §18)","","","","","","","","docs/actas/ACTA_DIR_034_v1.0_GATE_IMPLEMENTACION_FIRMADA_2026-09-18.md::Las actas 001–020 no están en el repositorio","sin fuente: las actas 001 a 020 no están en el repositorio","Sin fuente admitida. Las actas ACTA-DIR-001 a 020 que lo aprobaron no están en el repositorio (ACTA-DIR-034 §14, Nota 3). Los encabezados del legajo declaran fechas (00: 2026-07-18; 02 y 03: 2026-07-27; 07 v0.1.11: 2026-08-29), pero no son actas ni commits","sin fuente · sin fecha","Va también a la tabla de omisiones, con las fechas declaradas, que no se dibujan"
"D01","Especificación","HISTORIA","hito","Auditoría transversal ratificada; se autoriza el parche","Ratificación de la Auditoría de Impacto Transversal v0.2.1 y autorización del parche documental (CAP-MET, CAP-DAT, ANT-DRAFT, ANT-VOID)","2026-09-06","2026-09-06","","021","","","","","ACTA-DIR-021","ACTA-DIR-021 (2026-09-06), §2 a §6","ratificada",""
"D02","Especificación","HISTORIA","barra","Parche transversal: 04 → 05 → 06 → 08 → 09 v0.16","Parche transversal del legajo: BE-LEG-04 v0.4.2.1, 05 v0.15, 06 v0.1.1, 08 v0.1.5 y 09 v0.16, cada uno contrarrevisado y aprobado documentalmente","2026-09-06","2026-09-07","","021;022;023;024;025;026","","","","","ACTA-DIR-021 a 026","ACTA-DIR-021 (autoriza, 2026-09-06) y ACTA-DIR-022 a 026 (aprueban 04, 05, 06, 08 y 09 v0.16, 2026-09-07)","aprobado documentalmente",""
"D03","Especificación","HISTORIA","barra","Reconciliación UX del 10: v0.7.2 y v0.8 (B10-08/09)","BE-LEG-10 v0.7.2 (reconciliación transversal UX) y v0.8 (cartera, dashboard, timeline, coordinación y proyecciones)","2026-09-07","2026-09-07","","026;027;028","","","","","ACTA-DIR-026 a 028","ACTA-DIR-026 (autoriza v0.7.2), ACTA-DIR-027 (aprueba v0.7.2 y autoriza v0.8) y ACTA-DIR-028 (aprueba v0.8), todas del 2026-09-07","aprobado documentalmente",""
"D04","Especificación","HISTORIA","barra","Corrección contractual A3: 09 v0.16.1","Hallazgo H-09-10-A3-01 (faltaban las operaciones de A3) y corrección aditiva BE-LEG-09 v0.16.1: API-CON-05 a 08, de 118 a 122 operaciones P0","2026-09-07","2026-09-07","","028;029","","","","","ACTA-DIR-028 y 029","ACTA-DIR-028 §2 a §4 (hallazgo y autorización) y ACTA-DIR-029 §1 (aprobación), 2026-09-07","aprobado documentalmente",""
"D05","Especificación","HISTORIA","barra","Entrega F: B10-02, B10-03 y B10-10","Entrega F del 10: acceso, onboarding y cuenta; profesional, verificación y administración; accesibilidad, copy y responsive","2026-09-07","2026-09-07","","029;030","","","","","ACTA-DIR-029 y 030","ACTA-DIR-029 §4 (autoriza) y ACTA-DIR-030 §1 (aprueba), 2026-09-07","aprobada documentalmente",""
"D06","Especificación","HISTORIA","barra","Entrega G: B10-11 y esqueleto del 11A","Entrega G: convergencia de prototipos B10-11 y esqueleto del 11A, con la corrección menor de trazabilidad de RF-069 (H-10-G-RF069-01)","2026-09-07","2026-09-09","","030;031;032","","","","","ACTA-DIR-030 a 032","ACTA-DIR-030 (autoriza, 2026-09-07), ACTA-DIR-031 (devuelve por RF-069, 2026-09-07) y ACTA-DIR-032 (aprueba, emitida el 2026-09-09)","aprobada documentalmente",""
"D07","Especificación","HISTORIA","barra","Entrega H: 11A y 12 baselineados","Entrega H: plan y estrategia de pruebas (11A v1.0-H) y trazabilidad y control de calidad (12 v1.0-H), baselineados","2026-09-09","2026-09-09","","032;033","","","","","ACTA-DIR-032 y 033","ACTA-DIR-032 §4 (autoriza) y ACTA-DIR-033 §2 (aprueba y baselinea), 2026-09-09","aprobada y baselineada",""
"D08","Especificación","HISTORIA","barra","Entrega I: 01 definitivo y borrador del gate","Entrega I: BE-LEG-01 v1.0-I y paquete de gate de implementación (borrador de ACTA-DIR-034 v0.1.1, con MENOR-01 de rollback)","2026-09-09","2026-09-09","","033;033.1;033.2","","","","","ACTA-DIR-033, 033.1 y 033.2","ACTA-DIR-033 §4 (autoriza), ACTA-DIR-033.1 (MENOR-01) y ACTA-DIR-033.2 §3 (aprueba), 2026-09-09","aprobada documentalmente",""
"D09","Especificación","HISTORIA","hito","Tramo documental cerrado; implementación no autorizada","Cierre del tramo documental pre-implementación: gate documental para construcción satisfecho, implementación no autorizada","2026-09-09","2026-09-09","","033.2","","","","","ACTA-DIR-033.2","ACTA-DIR-033.2 §6 y §11 (2026-09-09)","cerrado",""
"T00","Transición","HISTORIA","sin_fecha","Producción de MESA-01 y MESA-02 (DV-01 a DV-09)","Matriz de cobertura MESA-01, estándar de calidad y entregables DV-01 a DV-09 de MESA-02","","","","","","","","","sin fuente del período de trabajo; en git desde el 2026-09-16","Sin acta ni commit del período de trabajo. Los nombres de archivo llevan 2026-09-10 y 2026-09-11, pero no son actas. Todo entró a git el 2026-09-16 (747fe11)","sin fuente · sin fecha","Va también a la tabla de omisiones"
"T01","Transición","HISTORIA","hito","Legajo, actas 021 a 033.2, intake y MESA entran a git","Primer commit del repositorio: legajo 00–12, actas ACTA-DIR-021 a 033.2 con el borrador del gate, intake y MESA-01/02, verificados por SHA-256","2026-09-16","2026-09-16","15:04","","","747fe11","","","commit 747fe11","commit 747fe11 (2026-09-16 15:04)","publicado; se verifica en cada push contra docs/MANIFEST.sha256","Git prueba que las actas existían el 2026-09-16 y que no cambiaron desde entonces; su fecha es la que declaran ellas"
"T02","Transición","HISTORIA","hito","Intake técnico de solo lectura sobre be-health","Intake técnico de solo lectura sobre el repositorio anterior be-health: 0 coincidencias exactas de schema y 21 conflictos estructurales; Dirección decide no usarlo como base","2026-09-16","2026-09-16","","","","747fe11","","docs/actas/ACTA_DIR_034_v1.0_GATE_IMPLEMENTACION_FIRMADA_2026-09-18.md::EJECUTADO 2026-09-16 sobre el repositorio anterior be-health","ACTA-DIR-034 §11 · commit 747fe11","ACTA-DIR-034 §11 («EJECUTADO 2026-09-16»); docs/intake/INTAKE_01.md, en git desde 747fe11","ejecutado","La hora del intake no está registrada"
"T03","Transición","HISTORIA","barra","WP-01 — proyecto nuevo, desplegado","WP-01: monorepo nuevo con API /health, website y APK placeholder, CI/CD y despliegue en Render; ejecutado por orden de Dirección antes de la firma del gate (DL-001)","2026-09-16","2026-09-18","","","1-4","747fe11","be-apk-0.1.0","docs/actas/ACTA_DIR_034_v1.0_GATE_IMPLEMENTACION_FIRMADA_2026-09-18.md::se ejecutó del 2026-09-16 al 2026-09-18","commits 747fe11 a e090253 · PR #1 a #4","Commits 747fe11 (2026-09-16) a e090253 (PR #4, 2026-09-18); release be-apk-0.1.0; ACTA-DIR-034 §14, Nota 2","cumplido; ratificado por ACTA-DIR-034","Los PR del 2026-09-16 y 17 están en el repositorio archivado; acá se citan sus commits, que siguen en la historia"
"T04","Transición","HISTORIA","hito","ACTA-DIR-034 firmada: implementación autorizada","Gate de implementación: ACTA-DIR-034 v1.0 firmada; autoriza WP-01 a WP-07, cada uno con su definición por IDs antes del primer commit","2026-09-18","2026-09-18","18:48","034","5","662330c","","","ACTA-DIR-034 · commit 662330c · PR #5","ACTA-DIR-034 v1.0 (2026-09-18); commit 662330c (18:48) y PR #5 (18:50)","firmada","Es la raíz del Gantt: separa la especificación de la construcción"
"C01","Construcción","HISTORIA","barra","WP-02 — Identidad y sesiones (con DL-030)","WP-02 · Identidad y sesiones: registro con A1 y A2 separados, login neutral, cuenta y cierre; incluye DL-030 (el website llama a la API directo, con CORS, para que la API vea la IP real)","2026-09-18","2026-09-19","","","6-8;11-15","","be-apk-0.2.0","","PR #6 a #8 y #11 a #15 · be-apk-0.2.0","PR #6 a #8 y #11 a #15 (definición b9242a3, 2026-09-18 20:05; último merge 2026-09-19 01:43); release be-apk-0.2.0","integrado en main",""
"C02","Construcción","HISTORIA","barra","Ensayo de rollback: revert de un merge y Render","Ensayo de rollback exigido por ACTA-DIR-034 §12: git revert -m 1 de un merge publicado (PR #9 y #10) y rollback de be-api en Render (parte 2, registrada en el PR #14)","2026-09-18","2026-09-19","","","9-10;14","","","","PR #9, #10 y #14","PR #9 y #10 (2026-09-18 22:29 y 22:34) y PR #14 (2026-09-19 01:24); EVIDENCIA/ENSAYO-ROLLBACK/","ejecutado (partes 1 y 2)","docs/DESPLIEGUE.md fecha la parte 1 el 2026-09-19 porque usa la fecha UTC; en hora argentina fue el 2026-09-18"
"C03","Construcción","HISTORIA","hito","Protección técnica de main activa","Protección de main: PR obligatorio, cuatro checks de CI y rama al día, sin excepción para administradores (pendiente en ACTA-DIR-034 §5)","2026-09-19","2026-09-19","05:37","","16","","","","PR #16","PR #16 (2026-09-19 05:37); docs/DESPLIEGUE.md, «Rollback»","activa",""
"C04","Construcción","HISTORIA","barra","WP-03 — Vínculo, consentimiento y PDP","WP-03 · Vínculo, consentimiento y PDP: solicitud y aceptación del vínculo por alcance, consentimiento B2 por finalidad y punto único de decisión de autorización","2026-09-19","2026-09-19","","","17-22","","be-apk-0.3.0","","PR #17 a #22 · be-apk-0.3.0","PR #17 (definición, 06:55) a #22 (13:06), 2026-09-19; release be-apk-0.3.0","integrado en main",""
"C05","Construcción","HISTORIA","barra","WP-04 — Circuito nutricional","WP-04 · Circuito nutricional: plan del profesional en el website, registro de comidas del asesorado en la APK y revisión, con versiones inmutables","2026-09-19","2026-09-19","","","23-28","","be-apk-0.4.0","","PR #23 a #28 · be-apk-0.4.0","PR #23 (definición, 14:51) a #28 (capturas del APK en Android, 23:24), 2026-09-19; release be-apk-0.4.0","integrado en main",""
"C06","Construcción","HISTORIA","barra","WP-05 — Antropometría","WP-05 · Antropometría: evaluación en preparación y registrada, corrección y anulación de mediciones (anulada ≠ borrada), evolución, métodos versionados y cálculo reproducible","2026-09-19","2026-09-20","","","29-47","","be-apk-0.5.0;be-apk-0.5.1","","PR #29 a #47 · be-apk-0.5.0 y 0.5.1","PR #29 (definición, 2026-09-19 23:59) a #47 (2026-09-20 22:42); releases be-apk-0.5.0 y be-apk-0.5.1","integrado en main",""
"C07","Construcción","HISTORIA","barra","WP-06 — Circuito de entrenamiento","WP-06 · Circuito de entrenamiento: evaluación, objetivo, catálogo, plan con validación y activación, ejecución y revisión (26 operaciones)","2026-09-20","2026-09-21","","","48-56","","be-apk-0.6.0","","PR #48 a #56 · be-apk-0.6.0","PR #48 (definición, 2026-09-20 23:11) a #56 (2026-09-21 16:22); release be-apk-0.6.0","integrado en main",""
"C08","Construcción","HISTORIA","barra","WP-07 — Información profesional pertinente (RF-071)","WP-07 · Información profesional pertinente (RF-071): plantillas, solicitudes y respuestas autoinformadas (API-FRM-01 a 08)","2026-09-21","2026-09-22","","","58-65","","be-apk-0.7.0","","PR #58 a #65 · be-apk-0.7.0","PR #58 (definición, 2026-09-21 21:35) a #65 (2026-09-22 19:49); release be-apk-0.7.0","integrado en main",""
"C09","Construcción","HISTORIA","hito","Dirección elige «consolidar y pulir» (PR #66)","Decisión de Dirección del 2026-09-22: consolidar y pulir hasta la entrega en lugar de abrir WP-08, WP-09 y WP-10","2026-09-22","2026-09-22","22:48","","66","","","docs/paquetes/WP-CONSOLIDACION.md::Autorizado por Dirección el 2026-09-22","PR #66 (docs/paquetes/WP-CONSOLIDACION.md)","docs/paquetes/WP-CONSOLIDACION.md, registrada en el primer commit del PR #66 (2026-09-22 22:48)","decidida","La hora es la del registro en git; la de la decisión no está registrada"
"C10","Construcción","HISTORIA","barra","Consolidación: DL-089, DL-091 y DL-031 (0.8.0)","Consolidación: historia propia del asesorado en entrenamiento (DL-089), nutrición y antropometría en website y APK (DL-091) y contenido factual del dashboard (DL-031); versión 0.8.0, sin APK propia","2026-09-22","2026-09-24","","","66-71","","","","PR #66 a #71 · sin APK","PR #66 (2026-09-22 22:48) a #71 (2026-09-24 01:14)","integrado en main",""
"C11","Construcción","HISTORIA","barra","Identidad visual y accesibilidad (0.9.0)","Identidad visual y accesibilidad: tokens verificados, cara pública, espacio profesional, APK oscura y figura antropométrica; versión 0.9.0","2026-09-24","2026-09-24","","","73-77","","be-apk-0.9.0","","PR #73 a #77 · be-apk-0.9.0","PR #73 (definición, 03:34) a #77 (05:31), 2026-09-24; release be-apk-0.9.0","integrado en main",""
"C12","Construcción","HISTORIA","hito","Cierre de la entrega entonces prevista para el 1/10","Cierre de la entrega entonces prevista para el 2026-10-01: evidencia, guía de demo, capturas y despliegue al día","2026-09-24","2026-09-24","06:01","","78","","","","PR #78","PR #78 (2026-09-24 06:01)","cerrado; la entrega se movió después al 2026-10-10","README.md y EVIDENCIA/ENTREGA/LEEME.md todavía dicen 2026-10-01"
"C13","Construcción","HISTORIA","barra","Correcciones del cierre y APK 0.9.1","Correcciones posteriores a la revisión de cierre (registrar guarda antes, resumen vigente del dashboard, guía de capturas) y APK 0.9.1 (formularios: Sí/No se elige)","2026-09-24","2026-09-25","","","79-83","","be-apk-0.9.1","","PR #79 a #83 · be-apk-0.9.1","PR #79 (2026-09-24) a #83 (2026-09-25 14:34); release be-apk-0.9.1","integrado en main",""
"C14","Construcción","HISTORIA","barra","WP-08 — Integraciones P0: Open Food Facts y wger","WP-08 · Integraciones P0: importación controlada desde Open Food Facts (RF-028) y wger (RF-038), con procedencia conservada y respaldo ante caída del proveedor","2026-09-24","2026-09-25","","","72;84;85","","be-apk-0.10.0","","PR #72, #84 y #85 · be-apk-0.10.0","PR #72 (primer commit 2026-09-24 01:20, merge 2026-09-25 17:08), #84 y #85; release be-apk-0.10.0","integrado en main","Completo el 2026-09-24 con la integración en espera; se integró el 2026-09-25, después de la confirmación de C15"
"C15","Construcción","HISTORIA","hito","Dirección confirma que ACTA-DIR-034 cubre WP-08","Dirección confirma, en el PR #72, que la autorización de ACTA-DIR-034 cubre WP-08; recién entonces se integra","2026-09-25","2026-09-25","","","72","","","","PR #72 (cuerpo, «Autorización»)","PR #72, sección «Autorización» del cuerpo: «Dirección confirmó el 2026-09-25…» (gh pr view 72)","confirmada","La hora de la confirmación no está registrada; la cita está en el cuerpo del PR, no en un archivo"
"C16","Construcción","HISTORIA","barra","DL-096 — «Tu historial de entrenamiento»","DL-096 · «Tu historial de entrenamiento»: el asesorado ve sus planes y ejecuciones históricas desde la APK; correcciones de la validación en teléfono (0.11.1 a 0.11.3)","2026-09-25","2026-09-27","","","86-97;99;103","","be-apk-0.11.0;be-apk-0.11.1;be-apk-0.11.2;be-apk-0.11.3","","PR #86 a #97, #99 y #103 · be-apk-0.11.0 a 0.11.3","PR #86 (primer commit 2026-09-25 19:13) a #103 (2026-09-27 22:28); releases be-apk-0.11.0 a 0.11.3","integrado en main","Opción A de DL-096 autorizada por Dirección el 2026-09-25 (docs/paquetes/WP-HISTORIAL-ENTRENAMIENTO.md)"
"C17","Construcción","HISTORIA","barra","Plan Funcional Profesional: PF-02, PF-03 y DL-104","Plan Funcional Profesional: propuesta PF-01/PF-02, plantilla de antecedentes y citas en la evaluación (PF-02), lo planificado completo (PF-03, incremento 1) y errores por campo (DL-104); APK 0.12.0","2026-09-27","2026-09-28","","","98;100-102;104-109","","be-apk-0.12.0","","PR #98, #100 a #102 y #104 a #109 · be-apk-0.12.0","PR #98 (primer commit 2026-09-27 19:15) a #109 (2026-09-28 16:49); release be-apk-0.12.0","integrado en main",""
"C18","Construcción","HISTORIA","barra","Tanda del 29 y 30/9 (0.12.1)","Tanda del 29 y 30/9: correcciones de series y formularios, comparación planificado/registrado, evolución antropométrica visual, apariencia del website, cartera, plantillas, «Mis habituales» y temas de la APK; APK 0.12.1","2026-09-29","2026-09-30","","","110-125","","be-apk-0.12.1","","PR #110 a #125 · be-apk-0.12.1","PR #110 (primer commit 2026-09-29 01:41) a #125 (2026-09-30 22:42); release be-apk-0.12.1","integrado en main",""
"C19","Construcción","HISTORIA","barra","DL-111 — catálogo antropométrico y lámina (0.12.2)","DL-111 · Catálogo antropométrico de BE con 40 métodos, lámina del compositor en el website y figura con resultados en la APK 0.12.2","2026-10-01","2026-10-01","","","126-127","","be-apk-0.12.2","","PR #126 y #127 · be-apk-0.12.2","PR #126 (primer commit 00:59, merge 02:46) y #127 (03:19), 2026-10-01; release be-apk-0.12.2","integrado en main",""
"C20","Construcción","HISTORIA","barra","DL-112 y DL-113 — 21 métodos y UX/UI (0.13.0)","DL-112 y DL-113 · Purga del catálogo a 21 métodos vigentes y UX/UI del website y de la APK (barra inferior, figura en SVG, menos texto); APK 0.13.0, la vigente","2026-10-01","2026-10-01","","","128-129","","be-apk-0.13.0","","PR #128 y #129 · be-apk-0.13.0 (vigente)","PR #128 (primer commit 20:32, merge 21:51) y #129 (22:33), 2026-10-01; release be-apk-0.13.0","integrado en main",""
"C21","Construcción","HISTORIA","hito","DL-114 — auditoría de dependencias (sin integrar)","DL-114 · La auditoría de dependencias deja de aprobar con un informe ilegible o un error de npm; commit en la rama fix/auditoria-errores, sin integrar al corte","2026-10-02","2026-10-02","15:45","","","c61b8f5","","","commit c61b8f5 · rama fix/auditoria-errores","commit c61b8f5 (2026-10-02 15:45), rama fix/auditoria-errores","en curso, sin integrar","Es el commit del corte del DV-10"
"R00","APK","HISTORIA","releases","Releases de la APK: 19, de 0.1.0 a 0.13.0 (vigente)","Releases permanentes de la APK en GitHub, de be-apk-0.1.0 a be-apk-0.13.0 (la 0.8.0 no tuvo APK)","2026-09-18","2026-10-01","","","","","todas","","gh release list · DV-10_FUENTES_RELEASES.csv","gh release list (19 releases); DV-10_FUENTES_RELEASES.csv","publicadas; la vigente es be-apk-0.13.0",""
"M0","APK","HISTORIA","hito","M0 — build instalable (APK 0.1.0)","M0 de 02 §19.3, build instalable: la APK 0.1.0 se publicó y Dirección la instaló y abrió en un Android físico","2026-09-18","2026-09-18","14:57","","16","","be-apk-0.1.0","DEFENSA/WP-01.md::Dirección (2026-09-18): APK instalado y abierto","be-apk-0.1.0 · DEFENSA/WP-01.md","Release be-apk-0.1.0 (2026-09-18 14:57); DEFENSA/WP-01.md (instalada el 2026-09-18); fotos del teléfono en el PR #16","cumplido","Criterio del DV-10: el 02 nombra los hitos sin definirlos"
"M12","APK","HISTORIA","hito","M1 y M2 — lectura y escritura reales (APK 0.2.0)","M1 y M2 de 02 §19.3: la APK 0.2.0, en el Android de Dirección, crea una cuenta en la API de test (escritura) y lee su estado y A3 (lectura). Real quiere decir contra la API desplegada, siempre con datos sintéticos","2026-09-18","2026-09-18","22:24","","14","","be-apk-0.2.0","DEFENSA/WP-02.md::instalado en el Android de Dirección (2026-09-18","be-apk-0.2.0 · DEFENSA/WP-02.md","Release be-apk-0.2.0 (2026-09-18 22:24); DEFENSA/WP-02.md (prueba en el teléfono, 2026-09-18 de 23:49 a 23:54); capturas en el PR #14","cumplido","Criterio del DV-10: el 02 nombra los hitos sin definirlos"
"M3","APK","HISTORIA","hito","M3 — circuito integrado: nutrición (APK 0.4.0)","M3 de 02 §19.3: circuito nutricional de punta a punta (website del profesional, APK del asesorado y revisión), con 11 capturas en un Android real","2026-09-19","2026-09-19","16:34","","28","","be-apk-0.4.0","DEFENSA/WP-04.md::11 capturas en un Android real con DEMO-A01, el 2026-09-19","be-apk-0.4.0 · PR #28 · DEFENSA/WP-04.md","Release be-apk-0.4.0 (2026-09-19 16:34); DEFENSA/WP-04.md; capturas en el PR #28 (23:24)","cumplido","Criterio del DV-10: el circuito cerrado del 00 §11 (Q-000), con la APK como canal del asesorado"
"P01","Plan","PLAN","barra","Cierre de la entrega (DV-10, DV-11 a DV-14, validaciones)","Cierre de la entrega: DV-10 y DV-11 a DV-14 al día, validación en el teléfono de las APK 0.12.0 a 0.13.0 y ratificaciones que esperan a Dirección (DL-111, DL-112 y DL-113)","2026-10-02","2026-10-10","","","","","","docs/QUE-FALTA.md::Ninguna APK desde la 0.12.0 se probó en un teléfono","instrucción de Dirección · docs/QUE-FALTA.md §1 y §4","Instrucción de Dirección (entrega el 2026-10-10); pendientes en docs/QUE-FALTA.md §1 y §4","PLAN — SUJETO A GATE","No compromete funciones nuevas: cierra lo integrado y lo que Dirección tiene que validar o ratificar"
"P02","Plan","PLAN","hito","Entrega del trabajo final","Entrega del trabajo final a la escuela","2026-10-10","2026-10-10","","","","","","README.md::entrega 2026-10-01","instrucción de Dirección; sin acta ni commit","Instrucción de Dirección. Sin acta ni commit: el repositorio todavía dice 2026-10-01 (README.md y EVIDENCIA/ENTREGA/LEEME.md)","PLAN — SUJETO A GATE · fecha a registrar",""
"P03","Plan","PLAN","barra","Vence la base de test (be-db-test)","La base de datos gratuita de Render que usa el ambiente test vence entre el 16 y el 18/10; después hay 14 días de gracia","2026-10-16","2026-10-18","","","","","","DECISIONES_TECNICAS.md::creada ~2026-09-16 → ~2026-10-16 || DEFENSA/WP-01.md::≈ 2026-10-17 || docs/DESPLIEGUE.md::vence cerca del 2026-10-18 || docs/QUE-FALTA.md::vence cerca del 16 o 18/10","DECISIONES_TECNICAS.md · DEFENSA/WP-01.md · docs/DESPLIEGUE.md","Tres estimaciones en el repositorio: DECISIONES_TECNICAS.md §3 (~2026-10-16), DEFENSA/WP-01.md (≈ 2026-10-17) y docs/DESPLIEGUE.md (cerca del 2026-10-18); la fecha exacta está en el dashboard de Render","A VERIFICAR (rango)","Si la defensa es posterior, hay que pasar la base a un plan pago o recrearla (docs/DESPLIEGUE.md, «Límites del plan gratuito»)"
"P04","Plan","PLAN","sin_fecha","Defensa ante el tribunal","Defensa del trabajo final ante el tribunal","","","","","","","","docs/legajo/02_Vision_Alcance_y_Plan_Estrategico.md::Q-FECHA-001 | Fecha exacta de entrega y defensa","sin fecha: Q-FECHA-001 sigue abierta","Sin fecha en el repositorio. La pregunta Q-FECHA-001 (02 §20) sigue abierta para la defensa","A VERIFICAR",""
"P05","Plan","PLAN","sin_fecha","M4 — versión de defensa de la APK","M4 de 02 §19.3: versión de defensa de la APK","","","","","","","","EVIDENCIA/PUBLICACION-0.13.0/LEEME.md::Falta la validación de Dirección en el teléfono","sin decisión de Dirección; vigente: be-apk-0.13.0","Sin decisión de Dirección. La vigente es be-apk-0.13.0, publicada y todavía sin validar en el teléfono","A VERIFICAR",""
