de,a,tipo,fuente,nota
"D01","D02","FS","ACTA-DIR-021 §4 y §5: autoriza el parche en orden 04 → 05 → 06 → 08 → 09 → 10 → 11A → 12",""
"D02","D03","FS","ACTA-DIR-026 §3: aprobado el 09 v0.16, se autoriza la reconciliación UX del 10",""
"D03","D04","FS","ACTA-DIR-028 §2 a §4: al abrir B10-02 aparece el hallazgo H-09-10-A3-01 y se autoriza el 09 v0.16.1",""
"D04","D05","FS","ACTA-DIR-028 §5 y ACTA-DIR-029 §4: B10-02 y B10-03 no cierran hasta aprobar el 09 v0.16.1",""
"D05","D06","FS","ACTA-DIR-030 §2: aprobada la Entrega F, se autoriza la G",""
"D06","D07","FS","ACTA-DIR-032 §4: aprobada la Entrega G, se autoriza la H",""
"D07","D08","FS","ACTA-DIR-033 §4: aprobada la Entrega H, se autoriza la I",""
"D08","D09","FS","ACTA-DIR-033.2 §3 y §11: aprobada la Entrega I, se cierra el tramo documental",""
"D09","T02","FS","ACTA-DIR-033.2 §9: la siguiente fase posible es el intake técnico de solo lectura","Entre el 2026-09-10 y el 15 no hay actas ni commits"
"T02","T03","FS","ACTA-DIR-034 §11: el intake llevó a no usar be-health como base; DEFENSA/WP-01.md: mandato de Dirección del 2026-09-16",""
"T02","T04","FS","ACTA-DIR-034 §14, Nota 1: el gate se completa con la evidencia del intake del 2026-09-16",""
"T04","T03","INVERTIDA","ACTA-DIR-034 §14, Nota 2, y docs/DEUDA_LEGAJO.md DL-001: WP-01 se ejecutó antes de la firma y el acta lo ratificó","Es la única dependencia que no se respetó; se declaró y se regularizó"
"T04","C01","FS","ACTA-DIR-034 §3: implementación autorizada de WP-01 a WP-07, cada paquete con su definición por IDs antes del primer commit","El acta entra a git a las 18:48 y la definición de WP-02 (b9242a3) a las 20:05 del mismo día"
"C01","C02","SS","ACTA-DIR-034 §12: el ensayo de rollback va después del primer merge de WP-02 y antes de cerrarlo","Primer merge de WP-02: PR #7, 21:38; ensayo: PR #9, 22:25; cierre de WP-02: PR #15, 01:43"
"T04","C03","FS","ACTA-DIR-034 §5: la protección técnica de main queda pendiente, con plan",""
"C01","C04","FS","docs/paquetes/WP-03.md: WP-03 reutiliza piezas de WP-02 (T-06-23, T-06-24 y T-06-N08)",""
"C04","C05","FS","docs/paquetes/WP-04.md: todas las operaciones de nutrición pasan por el PDP de WP-03",""
"C05","C06","FS","docs/paquetes/WP-04.md, encabezado: al cerrar WP-04, Dirección deja el orden de los dominios al ejecutor; docs/paquetes/WP-05.md reutiliza el patrón de corrección de WP-04",""
"C06","C07","FS","docs/paquetes/WP-04.md, encabezado: «WP-05 es antropometría y WP-06, entrenamiento»; docs/paquetes/WP-06.md: «la misma cadena que WP-05»",""
"C07","C08","FS","docs/paquetes/WP-07.md: RF-071 lo encontró la auditoría de UX del cierre de WP-06 (DL-090)",""
"C08","C09","FS","docs/paquetes/WP-CONSOLIDACION.md: cerrado WP-07, Dirección elige consolidar en lugar de abrir WP-08, WP-09 y WP-10",""
"C09","C10","FS","docs/paquetes/WP-CONSOLIDACION.md: «Autorizado por Dirección el 2026-09-22 al elegir “consolidar y pulir”»; el orden de los pasos (cerrar WP-07, consolidar, identidad visual, cierre) está en docs/paquetes/WP-IDENTIDAD-VISUAL.md",""
"C10","C11","FS","docs/paquetes/WP-IDENTIDAD-VISUAL.md: la identidad visual es el paso 3 del plan del 2026-09-22",""
"C11","C12","FS","EVIDENCIA/ENTREGA/LEEME.md: el cierre de la entrega es el paso 4 del plan del 2026-09-22",""
"C15","C14","FF","docs/paquetes/WP-08.md (D-A) y PR #72: el código se prepara completo, pero la integración espera la confirmación de Dirección",""
"C19","C20","FS","docs/DEUDA_LEGAJO.md, DL-112: la purga reduce a 21 métodos el catálogo de 40 que dejó DL-111",""
"C20","P01","FS","docs/DESPLIEGUE.md: la APK 0.13.0 es la vigente, y la demo y las láminas se arman sobre ella",""
